date,ret
2015-10-16,0.0
2015-10-19,0.00423584602075433
2015-10-20,-0.0038008784385960004
2015-10-21,-0.0017951034011690625
2015-10-22,0.005171642430057188
2015-10-23,0.004338453203317716
2015-10-26,0.012510039262646044
2015-10-27,-0.005593809277274042
2015-10-28,0.01783149047845023
2015-10-29,0.00374126707256206
2015-10-30,0.014376616087600436
2015-11-02,0.023585476077450984
2015-11-03,-0.00865819754894559
2015-11-04,0.02207913602715683
2015-11-05,-0.0007054273278881418
2015-11-06,0.01869451748272999
2015-11-09,-0.003649106267469837
2015-11-10,-0.005112190027015795
2015-11-11,0.01033055865968846
2015-11-12,-0.01655127349973895
2015-11-13,-0.010758014892951695
2015-11-16,0.0130882081283481
2015-11-17,0.0006281101734155747
2015-11-18,-0.004374886898274699
2015-11-19,0.005784514314811862
2015-11-20,0.026993795487725514
2015-11-23,-0.0032114794783575373
2015-11-24,0.029398379754886905
2015-11-25,0.003808318285377865
2015-11-27,0.0022718616566026473
2015-11-30,0.0
2015-12-01,0.00334447814627592
2015-12-02,-0.005111100869261143
2015-12-03,-0.012955101850983142
2015-12-04,0.01007014445122989
2015-12-07,0.012770240486322582
2015-12-08,0.0033182085335285993
2015-12-09,-0.009039793761057235
2015-12-10,0.0021817996864230693
2015-12-11,-0.012876974965400967
2015-12-14,0.0007735045271997087
2015-12-15,0.031908477018862014
2015-12-16,0.0030825813870902774
2015-12-17,-0.005684772958249762
2015-12-18,-0.005632409413337647
2015-12-21,0.0044047097343880015
2015-12-22,0.014769737601413091
2015-12-23,0.02555312547606281
2015-12-24,-0.0008553195582553519
2015-12-28,-0.010148725444921847
2015-12-29,0.006737024278225867
2015-12-30,-0.010813884999413381
2015-12-31,-0.0006390426363155344
2016-01-04,-0.001539519744112594
2016-01-05,-0.0012776564283482061
2016-01-06,-0.05308260442155932
2016-01-07,-0.03856577818645612
2016-01-08,-0.03776897500072862
2016-01-11,0.03798159796127165
2016-01-12,0.011828850847925843
2016-01-13,-0.034975970955266056
2016-01-14,-0.0059644746046072505
2016-01-15,-0.04280339370115083
2016-01-19,-0.01417866250216282
2016-01-20,-0.03436173001652987
2016-01-21,-0.0008074228968626418
2016-01-22,0.011947511516485543
2016-01-25,-0.01277486971585906
2016-01-26,0.00011424618798328012
2016-01-27,-0.012239961709009206
2016-01-28,-0.010252714251986927
2016-01-29,0.00895885010698172
2016-02-01,0.007190540574306681
2016-02-02,-0.03708320323591474
2016-02-03,0.0045230225040646665
2016-02-04,0.006234206400842712
2016-02-05,-0.03486412786631676
2016-02-08,-0.04602000556047803
2016-02-09,0.0068411409472652895
2016-02-10,0.00769114711650376
2016-02-11,0.000304819522594757
2016-02-12,0.015500484503159662
2016-02-16,0.010965181691082071
2016-02-17,0.040936471506654026
2016-02-18,-0.013969391078651805
2016-02-19,0.0019432925357099062
2016-02-22,0.016877407576112002
2016-02-23,-0.006821441060571032
2016-02-24,-0.0024166327420160894
2016-02-25,0.043859626820527575
2016-02-26,0.0
2016-02-29,0.0
2016-03-01,0.0
2016-03-02,0.0
2016-03-03,0.0
2016-03-04,0.0
2016-03-07,0.0
2016-03-08,0.0
2016-03-09,0.0
2016-03-10,0.0
2016-03-11,0.0
2016-03-14,0.0
2016-03-15,0.0
2016-03-16,0.0
2016-03-17,0.0
2016-03-18,0.0
2016-03-21,0.0
2016-03-22,0.0
2016-03-23,0.0
2016-03-24,0.0
2016-03-28,0.0
2016-03-29,0.0
2016-03-30,0.0
2016-03-31,0.0
2016-04-01,0.0
2016-04-04,0.0
2016-04-05,0.0
2016-04-06,0.0
2016-04-07,0.0
2016-04-08,0.004411756213767548
2016-04-11,-0.001830162214052633
2016-04-12,0.016838677623125076
2016-04-13,-0.002518154351540791
2016-04-14,-0.01618158521570645
2016-04-15,-0.008743219274096936
2016-04-18,0.016297058535535536
2016-04-19,-0.024046245250048393
2016-04-20,0.01841856026672173
2016-04-21,-0.013937996880272863
2016-04-22,0.29541485026261927
2016-04-25,-0.09439075327517366
2016-04-26,0.03579813984751157
2016-04-27,0.013255998821912529
2016-04-28,0.0015237013288034174
2016-04-29,-0.008344973310934534
2016-05-02,0.03765993306104809
2016-05-03,-0.027925636247796204
2016-05-04,0.0018680879658896643
2016-05-05,0.010103065276604983
2016-05-06,0.004922565388412181
2016-05-09,-0.0007872516870863766
2016-05-10,0.0
2016-05-11,0.0
2016-05-12,0.0
2016-05-13,0.0
2016-05-16,0.0
2016-05-17,0.0
2016-05-18,0.0
2016-05-19,0.0
2016-05-20,0.007417322556172001
2016-05-23,-0.004299828273442885
2016-05-24,0.00449585695509791
2016-05-25,0.003474552178021062
2016-05-26,-0.0021713965892550258
2016-05-27,-5.8827443428222104e-05
2016-05-31,-0.0007058362271048502
2016-06-01,-0.002177786996908293
2016-06-02,-0.0005309185419669626
2016-06-03,0.0019476603619805744
2016-06-06,0.0361100396939793
2016-06-07,0.005448963062911982
2016-06-08,-0.0067742425144078355
2016-06-09,0.008184496015779752
2016-06-10,-0.027060179454996613
2016-06-13,0.011125119512464421
2016-06-14,-0.002795480343886436
2016-06-15,0.0035826649158161583
2016-06-16,0.04294249235958936
2016-06-17,0.06968658411785111
2016-06-20,-0.015170682406524971
2016-06-21,0.026671517995694893
2016-06-22,-0.05217716532467698
2016-06-23,0.02171024687336165
2016-06-24,-0.038110813520801146
2016-06-27,-0.018946713159462725
2016-06-28,0.041228446150917364
2016-06-29,0.017440694504370136
2016-06-30,0.010722195144275082
2016-07-01,-0.008535808476937357
2016-07-05,-0.023076219024294464
2016-07-06,0.0017206685165478408
2016-07-07,0.001592060301110143
2016-07-08,0.017256716856535848
2016-07-11,0.0035466898677689596
2016-07-12,0.01666891225230005
2016-07-13,-0.0013115395977744138
2016-07-14,-0.0023588111097460063
2016-07-15,0.0
2016-07-18,0.0
2016-07-19,0.0
2016-07-20,0.00478879021565759
2016-07-21,-0.008798679664256737
2016-07-22,-0.00046234212623519344
2016-07-25,0.009141424947211041
2016-07-26,0.015769691324408308
2016-07-27,-0.004436498906408737
2016-07-28,-0.0017857158749288171
2016-07-29,-0.0015620210402416124
2016-08-01,0.011406335531358502
2016-08-02,-0.011711791262320026
2016-08-03,-0.0023598278050018795
2016-08-04,0.015025475533918087
2016-08-05,0.021514663399812894
2016-08-08,0.0014992660926202994
2016-08-09,-0.0020529413674766905
2016-08-10,-0.007733725669699432
2016-08-11,0.011410096625005028
2016-08-12,0.009533709418159342
2016-08-15,0.01259227788047168
2016-08-16,-0.011064405804153687
2016-08-17,-0.00952099046951882
2016-08-18,0.021624077021727528
2016-08-19,-0.0019398721456177492
2016-08-22,0.00039816566254069485
2016-08-23,0.0037527926466158767
2016-08-24,0.003852038017381876
2016-08-25,-0.005191613063460054
2016-08-26,-0.0026093316455670923
2016-08-29,0.0039811440638979345
2016-08-30,-0.0037387618486427465
2016-08-31,-0.0011371862306190916
2016-09-01,0.0022200681472468453
2016-09-02,0.0013063485040005762
2016-09-06,-0.004140898920555802
2016-09-07,0.0
2016-09-08,-0.0387387257686852
2016-09-09,-0.03092782810393868
2016-09-12,0.011005882453042348
2016-09-13,-0.018089999437576387
2016-09-14,0.03391061267243667
2016-09-15,0.009967878347697523
2016-09-16,0.0013165582900243056
2016-09-19,0.012310908640516427
2016-09-20,-0.004270343208426786
2016-09-21,0.019014373908571525
2016-09-22,0.006484675169288856
2016-09-23,0.013170480067985713
2016-09-26,-0.022333015695386815
2016-09-27,0.03255349015498776
2016-09-28,0.004953927261996949
2016-09-29,0.011154273237275358
2016-09-30,0.024331065512937622
2016-10-03,0.0002038374331103654
2016-10-04,5.347695418489451e-06
2016-10-05,-0.010918324589944128
2016-10-06,0.011861158604392186
2016-10-07,-0.0014455144148970422
2016-10-10,-0.00020067684244895467
2016-10-11,-0.005726859596644873
2016-10-12,0.005024363475943705
2016-10-13,-0.0006700479880304977
2016-10-14,-0.01660269583679852
2016-10-17,-0.0109888024963255
2016-10-18,0.0181357404105551
2016-10-19,0.008633684822002108
2016-10-20,0.0004923683484485686
2016-10-21,-0.013300371665229571
2016-10-24,0.012461041286167429
2016-10-25,0.016386386084954907
2016-10-26,-0.005888749906495683
2016-10-27,-0.00507739369091631
2016-10-28,0.012860156247231691
2016-10-31,-4.597136458628359e-05
2016-11-01,-0.006477216342954284
2016-11-02,-0.0045004371149162115
2016-11-03,-0.017515645465046692
2016-11-04,0.0036274152987068042
2016-11-07,0.03205856093035542
2016-11-08,0.01363354080954604
2016-11-09,0.019799676538855504
2016-11-10,-0.010889258671723634
2016-11-11,0.012393401071467691
2016-11-14,-0.02290243291143279
2016-11-15,-0.004264171107986381
2016-11-16,0.007973477596446399
2016-11-17,0.010238411759167398
2016-11-18,-0.006108706673328745
2016-11-21,0.010023746032692848
2016-11-22,0.02147861621203373
2016-11-23,-0.003460549024482895
2016-11-25,0.008485861853260612
2016-11-28,-0.01271298707822277
2016-11-29,0.000852139136350738
2016-11-30,0.024641153923595338
2016-12-01,-0.008033273372747951
2016-12-02,0.005074255373115566
2016-12-05,0.013236894076698258
2016-12-06,0.01892879778228518
2016-12-07,0.004764836995148514
2016-12-08,-0.0017927214476292086
2016-12-09,0.01398210882387696
2016-12-12,0.006104541535004282
2016-12-13,0.019236443450852736
2016-12-14,-0.014132225657412123
2016-12-15,0.0038871946447860406
2016-12-16,0.0024767932850897623
2016-12-19,0.0001789996757772805
2016-12-20,0.0009255926517539592
2016-12-21,-0.0026999685785623617
2016-12-22,0.0005203801475894831
2016-12-23,-0.0002690896855032099
2016-12-27,0.004764158258202533
2016-12-28,-0.016026775772293944
2016-12-29,-0.005243958764365231
2016-12-30,0.0001637481891496595
2017-01-03,0.004506556140428275
2017-01-04,0.0015716549618989273
2017-01-05,-0.02156329805474877
2017-01-06,0.007987052405213246
2017-01-09,0.020805128305482423
2017-01-10,-0.002785597443047738
2017-01-11,-0.007626718197101479
2017-01-12,-0.014494662217669374
2017-01-13,0.0034526224662021487
2017-01-17,-0.026885006544602907
2017-01-18,0.011787582768296057
2017-01-19,0.012377964369623573
2017-01-20,-0.007403733886205965
2017-01-23,0.0016988110210633955
2017-01-24,0.02020208821555558
2017-01-25,0.006701755785056385
2017-01-26,0.007998643891047541
2017-01-27,0.012407365518926738
2017-01-30,-0.011354811736336123
2017-01-31,-0.007039296008490403
2017-02-01,0.03855941187477163
2017-02-02,0.003832682126097664
2017-02-03,0.007864139137029769
2017-02-06,0.0011090056758524813
2017-02-07,-0.011447228234341189
2017-02-08,-0.004912552839439033
2017-02-09,0.008635989121828613
2017-02-10,0.003664863649825989
2017-02-13,0.014713496851348706
2017-02-14,0.017609963882788016
2017-02-15,0.011516469858690703
2017-02-16,-0.0045989934165009405
2017-02-17,-0.002426242648197796
2017-02-21,0.006655191590929421
2017-02-22,-0.0031424229536860526
2017-02-23,-0.0096706260707905
2017-02-24,-0.005195203995443043
2017-02-27,0.005857549935718076
2017-02-28,-0.007251674983996814
2017-03-01,0.026453651743632234
2017-03-02,-0.008356743339194117
2017-03-03,0.008518022312041573
2017-03-06,-0.006652963757043495
2017-03-07,-0.004325875843324001
2017-03-08,1.1729040792829437e-05
2017-03-09,9.539763047405891e-05
2017-03-10,0.017408188392813884
2017-03-13,0.015963926670885975
2017-03-14,-0.008626532239912499
2017-03-15,0.0016471416204348888
2017-03-16,-0.010194561437854355
2017-03-17,-0.003631819951730675
2017-03-20,0.034632670403440535
2017-03-21,-0.030795009456607847
2017-03-22,0.00372870221831767
2017-03-23,-0.0012959781544436
2017-03-24,-0.00026903714931614253
2017-03-27,-0.008973987106102643
2017-03-28,0.015445273470111154
2017-03-29,-0.0007464114496472662
2017-03-30,0.01150113413180831
2017-03-31,-0.005541695560914217
2017-04-03,-0.006314090735217492
2017-04-04,0.0012544743147697712
2017-04-05,-0.010031369342574536
2017-04-06,0.005465527749863197
2017-04-07,-0.0003914920096693697
2017-04-10,-0.0024436650336475685
2017-04-11,-0.0006403371193893781
2017-04-12,-0.0031387698282689946
2017-04-13,-0.006352002009468061
2017-04-17,0.007250032111848714
2017-04-18,-0.0025648526808520478
2017-04-19,0.0021858712656164236
2017-04-20,0.0025134467586318543
2017-04-21,-0.0026162271142835536
2017-04-24,0.0021234399628946576
2017-04-25,0.010968764736508207
2017-04-26,-0.005548173513694521
2017-04-27,-0.0059510535481587246
2017-04-28,0.0006236036421645164
2017-05-01,-0.005359734612824796
2017-05-02,-0.009774676856088238
2017-05-03,0.006713205116512189
2017-05-04,-0.02143886804568529
2017-05-05,0.016450907787324498
2017-05-08,0.0006031547721949693
2017-05-09,-0.002471401748944002
2017-05-10,0.032810082786604466
2017-05-11,0.0032608410158023737
2017-05-12,-0.0010989343678908803
2017-05-15,0.006408539569290772
2017-05-16,0.026789179833228483
2017-05-17,-0.04769670764800371
2017-05-18,0.004543326572515882
2017-05-19,-0.004638578963372386
2017-05-22,-0.003871517133665292
2017-05-23,0.00017900859546804426
2017-05-24,0.0010057183202272224
2017-05-25,0.004137423124702
2017-05-26,0.005038521590220446
2017-05-30,0.006124542735724381
2017-05-31,-7.345582098261527e-05
2017-06-01,-0.00025397702956719836
2017-06-02,0.002271823863972733
2017-06-05,-0.0017823867060619003
2017-06-06,-0.0008909514109536332
2017-06-07,0.0026969343804013057
2017-06-08,0.003084883105008318
2017-06-09,0.004295525030312497
2017-06-12,0.0009153556498540105
2017-06-13,0.0023013438942374176
2017-06-14,-0.005367855858188442
2017-06-15,-0.005935241730302576
2017-06-16,-0.0006060963460600144
2017-06-19,0.014052834090567679
2017-06-20,-0.010165264511473038
2017-06-21,0.008981008375742228
2017-06-22,0.0016256408841368586
2017-06-23,0.004269924777434486
2017-06-26,-0.0016634846082254073
2017-06-27,-0.018291783895562852
2017-06-28,0.018635913709220464
2017-06-29,-0.02319589859602411
2017-06-30,-0.003703734254920543
2017-07-03,-0.021589373689022806
2017-07-05,0.01573886645900391
2017-07-06,-0.0020091345942662153
2017-07-07,0.01659297057526521
2017-07-10,0.018684974303214474
2017-07-11,0.005258985286094253
2017-07-12,0.013317914712395185
2017-07-13,-0.0025457277014621083
2017-07-14,0.0030069965645049823
2017-07-17,-0.0004857939288034352
2017-07-18,0.0011872847371605655
2017-07-19,-0.0005964039239969576
2017-07-20,0.0016653661234506956
2017-07-21,0.0004156460192745737
2017-07-24,-0.001350298226420854
2017-07-25,-0.0005547178763695149
2017-07-26,0.001325125157678242
2017-07-27,-0.004378905398196964
2017-07-28,0.0
2017-07-31,-0.0034758852755785163
2017-08-01,0.0024283311250481443
2017-08-02,-0.0005376757326888137
2017-08-03,0.005001871289452842
2017-08-04,0.0009030645015708494
2017-08-07,0.007842800971059383
2017-08-08,-0.008258281160499426
2017-08-09,-0.010698857974170584
2017-08-10,-0.02583425742155321
2017-08-11,0.004824463209292418
2017-08-14,0.017120994587649596
2017-08-15,0.003520887813894591
2017-08-16,0.007316516487571034
2017-08-17,-0.022883526132282728
2017-08-18,-0.0006639450424801296
2017-08-21,-0.004679556154314701
2017-08-22,0.014635917763445194
2017-08-23,0.0019516796148733029
2017-08-24,-0.004681802012164504
2017-08-25,-0.011748607348707196
2017-08-28,0.0036651058774339607
2017-08-29,0.008506764371826625
2017-08-30,0.027819596698788418
2017-08-31,0.009524587710743937
2017-09-01,0.0012151640912241302
2017-09-05,-0.006784490876233562
2017-09-06,0.01702018726346788
2017-09-07,-0.004826260904714608
2017-09-08,-0.012872152567284467
2017-09-11,0.02473796149898
2017-09-12,0.010883819198319378
2017-09-13,-0.006271738569552543
2017-09-14,-0.003243974816139694
2017-09-15,-0.0037438979043649123
2017-09-18,-0.0031300122168262945
2017-09-19,-0.006755742857075031
2017-09-20,-0.0050882165442664995
2017-09-21,-0.013328733140600346
2017-09-22,-0.002968443010955779
2017-09-25,-0.01001899077563484
2017-09-26,0.004005896414713828
2017-09-27,0.011966200219362122
2017-09-28,0.00012427057449704293
2017-09-29,0.004502545869712993
2017-10-02,0.0010666398893719453
2017-10-03,0.009572201563517124
2017-10-04,0.002971267452806403
2017-10-05,-0.0020423611170518052
2017-10-06,-0.0034129382057007662
2017-10-09,-0.0024055574527024337
2017-10-10,0.0009423211098442685
2017-10-11,-0.003488843771934369
2017-10-12,-0.01574011959101973
2017-10-13,-0.0027499248759397243
2017-10-16,-0.0008455716535542557
2017-10-17,0.001200481945965004
2017-10-18,0.006997547812438221
2017-10-19,0.0023821805509820493
2017-10-20,0.009215615139609667
2017-10-23,-0.0030689870090583327
2017-10-24,0.010196611156825464
2017-10-25,-0.013174809485247962
2017-10-26,0.0011800522396530067
2017-10-27,0.003751024238262124
2017-10-30,-0.01058882264297678
2017-10-31,-0.010712233101894841
2017-11-01,0.0023601199831833064
2017-11-02,0.002683292306491669
2017-11-03,0.005899243283646216
2017-11-06,0.00019141607802519722
2017-11-07,-0.011817475198451333
2017-11-08,-1.7343962203764107e-05
2017-11-09,-0.008061226478919048
2017-11-10,-0.006015063965217116
2017-11-13,0.009849729700311949
2017-11-14,0.002008099070532454
2017-11-15,0.004652481776159512
2017-11-16,0.010519442938937917
2017-11-17,-0.008087232683099077
2017-11-20,-0.0020789544758396117
2017-11-21,0.0028927588040261742
2017-11-22,0.006842441752712869
2017-11-24,0.0008495221983444434
2017-11-27,-0.0014853597396096152
2017-11-28,0.006162767831066729
2017-11-29,0.001478424298780201
2017-11-30,-0.0004203003511192849
2017-12-01,-0.006088801312109315
2017-12-04,-0.038637383715822815
2017-12-05,0.005323453883211426
2017-12-06,0.008716504660952529
2017-12-07,0.009577057590897997
2017-12-08,-0.005334581422367535
2017-12-11,0.011370897395193591
2017-12-12,-0.009852414948140265
2017-12-13,-0.003760571443583105
2017-12-14,0.0018179202863959354
2017-12-15,0.011019253280014407
2017-12-18,0.008343158934061234
2017-12-19,-0.012115688369784716
2017-12-20,0.00024690871771082534
2017-12-21,-0.005468847581073688
2017-12-22,0.0036719814735868272
2017-12-26,-0.0005258207355919309
2017-12-27,0.003222091775153313
2017-12-28,0.002756681988340448
2017-12-29,-0.008065179272287781
2018-01-02,0.013694246323984194
2018-01-03,0.009678064031030331
2018-01-04,-0.004303053506960142
2018-01-05,0.001309026986752837
2018-01-08,0.008037742248327318
2018-01-09,0.0035618005510231754
2018-01-10,0.0044104036823475745
2018-01-11,0.011068569508730475
2018-01-12,-0.003735598232863957
2018-01-16,-0.000738573400919651
2018-01-17,0.02382223530242955
2018-01-18,-0.004949609492033491
2018-01-19,0.000551586049594599
2018-01-22,0.012676527233985047
2018-01-23,0.0053739740274556524
2018-01-24,-0.006615093654591453
2018-01-25,-0.01695594925827537
2018-01-26,0.06659136315139391
2018-01-29,-0.014504523010884118
2018-01-30,-0.018168724178278417
2018-01-31,-0.010058222628628655
2018-02-01,-0.00860781857989934
2018-02-02,-0.026195111313194297
2018-02-05,-0.03724321714852208
2018-02-06,0.018745235554693096
2018-02-07,0.0034135106340607013
2018-02-08,-0.04700326076107508
2018-02-09,0.001306301994125958
2018-02-12,0.025538160076501892
2018-02-13,-0.0004632462005605964
2018-02-14,0.018464006352833406
2018-02-15,0.009190666951029547
2018-02-16,0.0043115928761943145
2018-02-20,-0.007286242765222051
2018-02-21,-0.018230902226600065
2018-02-22,0.0005185226596160497
2018-02-23,0.01703165001657725
2018-02-26,0.012435291560648043
2018-02-27,-0.01507135815042282
2018-02-28,-0.014959932398994291
2018-03-01,-0.013257645178405997
2018-03-02,9.983353320541788e-05
2018-03-05,0.012566953405818149
2018-03-06,-0.002845419557326201
2018-03-07,-0.007130563889385155
2018-03-08,0.0035191199699651232
2018-03-09,0.021807445719141283
2018-03-12,-0.006543133199619744
2018-03-13,-0.0038015512871730772
2018-03-14,-0.0036304258251661503
2018-03-15,-0.00036107177366817567
2018-03-16,0.003315110110190256
2018-03-19,-0.01052636229430104
2018-03-20,0.004975324006316395
2018-03-21,-0.0021201932461083484
2018-03-22,-0.05389185064827251
2018-03-23,-0.013117920034039554
2018-03-26,0.02014370568373547
2018-03-27,-0.02380635939492537
2018-03-28,0.0009113813821968186
2018-03-29,0.01447092405486905
2018-04-02,-0.021500388508042256
2018-04-03,0.0096501017109476
2018-04-04,0.013754577507511634
2018-04-05,0.0009607397745283741
2018-04-06,-0.022749004374674975
2018-04-09,0.001986075180086422
2018-04-10,0.020195732832820612
2018-04-11,-0.0029427473683985017
2018-04-12,0.006432922510036798
2018-04-13,-0.008354095623792746
2018-04-16,0.008492335590317257
2018-04-17,0.013140662777828327
2018-04-18,0.00023662557712844645
2018-04-19,-0.003351820298794772
2018-04-20,-0.007268585401469796
2018-04-23,-0.008558427698634574
2018-04-24,-0.01267310311556935
2018-04-25,0.0033049013470958233
2018-04-26,0.0005441507038939086
2018-04-27,0.00560619185576372
2018-04-30,0.0010782704679437316
2018-05-01,0.007573074766257237
2018-05-02,0.00404069968822518
2018-05-03,0.004197362535846905
2018-05-04,0.020746859000214446
2018-05-07,0.0001988805249815151
2018-05-08,0.0034249899844356335
2018-05-09,0.009388040661376218
2018-05-10,0.0036296080757221016
2018-05-11,0.0009618000380584579
2018-05-14,0.018495126762696934
2018-05-15,0.0005083777657011179
2018-05-16,0.014392548458796783
2018-05-17,0.004903860271290528
2018-05-18,-0.0031693507473110616
2018-05-21,0.005709126276561394
2018-05-22,-0.004713366474573877
2018-05-23,-0.01657969357634881
2018-05-24,0.0014120152396031038
2018-05-25,0.0021883166224769823
2018-05-29,0.0025540019483625276
2018-05-30,0.02000307459248285
2018-05-31,-0.0030645495348475826
2018-06-01,0.007347337301939705
2018-06-04,0.03595246874020663
2018-06-05,0.015026332893888883
2018-06-06,-0.00317065074989753
2018-06-07,-0.004321571625302667
2018-06-08,-0.0006086687648678701
2018-06-11,-0.0016473530177505413
2018-06-12,0.0019147060235633617
2018-06-13,0.0019634425166388247
2018-06-14,0.011706847719254343
2018-06-15,-0.006417649622978749
2018-06-18,-0.019337435054333052
2018-06-19,-0.009642042972791254
2018-06-20,0.009206162778517823
2018-06-21,-0.01967303400813103
2018-06-22,0.01003808757098179
2018-06-25,-0.025689129383242526
2018-06-26,-0.008482652228534726
2018-06-27,-0.013775807107593963
2018-06-28,0.004865533499855745
2018-06-29,0.0023523771690983075
2018-07-02,0.006334336913044192
2018-07-03,-0.010358600504503324
2018-07-05,0.01732548689719926
2018-07-06,0.007935725431263085
2018-07-09,0.012885696302891159
2018-07-10,0.007632525348105101
2018-07-11,-0.018381152577611082
2018-07-12,0.0008625053002295768
2018-07-13,-0.01716186492093441
2018-07-16,-0.0032542487823975508
2018-07-17,0.016915148585133544
2018-07-18,-0.0021704492273680875
2018-07-19,-0.006008464153104631
2018-07-20,-0.003962762358770577
2018-07-23,0.00839390554112307
2018-07-24,-0.0011860001357183458
2018-07-25,0.021332960475619167
2018-07-26,0.029288925094463014
2018-07-27,-0.0038708170341795745
2018-07-30,-0.009148539550005608
2018-07-31,-0.007598970815640316
2018-08-01,0.0067715431777854995
2018-08-02,0.04240600920633719
2018-08-03,-0.0036648010066109293
2018-08-06,0.0196320050087726
2018-08-07,0.022126075746607743
2018-08-08,-0.003882487882213237
2018-08-09,-0.0071825342054496755
2018-08-10,-0.010419325770844479
2018-08-13,0.005654854228116291
2018-08-14,0.002616544960369005
2018-08-15,-0.009077776812234095
2018-08-16,-0.005306291602851343
2018-08-17,0.003956237646079774
2018-08-20,0.02169921388816709
2018-08-21,0.020630012422479194
2018-08-22,0.016660697598290142
2018-08-23,-0.004075698444089171
2018-08-24,0.017768930612689582
2018-08-27,0.0038181185723777933
2018-08-28,-0.0037951852962009314
2018-08-29,0.004296937743783369
2018-08-30,0.0014569898180476493
2018-08-31,-0.0034682627284817746
2018-09-04,-0.009205991764069554
2018-09-05,-0.01633786240579005
2018-09-06,-0.014084175795599396
2018-09-07,-0.02496513131999767
2018-09-10,0.03676132802965659
2018-09-11,-0.0014701063700576222
2018-09-12,0.02808004920386553
2018-09-13,5.854231794000242e-05
2018-09-14,0.009617072337763322
2018-09-17,-0.00048468705921900224
2018-09-18,-0.013308323283711787
2018-09-19,0.01919422703291862
2018-09-20,-0.000845485581260963
2018-09-21,0.004502266963717805
2018-09-24,0.0180541405619159
2018-09-25,0.012921832159777047
2018-09-26,-0.00511046492557643
2018-09-27,0.002407581705499151
2018-09-28,0.006402303887969918
2018-10-01,0.014782393780745195
2018-10-02,-0.016054982809678653
2018-10-03,0.003411374801769229
2018-10-04,-0.030705121548649017
2018-10-05,-0.010278610311729275
2018-10-08,-0.02613419719314025
2018-10-09,0.004085499820625227
2018-10-10,-0.0625227155873388
2018-10-11,-0.002521072850860895
2018-10-12,0.047863368940077144
2018-10-15,-0.029994250042119086
2018-10-16,0.0673642421696008
2018-10-17,-0.01219690515094074
2018-10-18,-0.025672916628636022
2018-10-19,-0.02828706926765412
2018-10-22,0.011331263344813491
2018-10-23,-0.0018268963878536049
2018-10-24,-0.032668855807136965
2018-10-25,0.01571306357895952
2018-10-26,-0.015037086387858167
2018-10-29,-0.018123113210875785
2018-10-30,0.018037875918297752
2018-10-31,0.018294012692198214
2018-11-01,0.026090453324630225
2018-11-02,-0.001204540171574453
2018-11-05,0.002461011976487182
2018-11-06,0.015075985084245236
2018-11-07,0.011911101432768634
2018-11-08,-0.0038793270281006764
2018-11-09,-0.013141712270102524
2018-11-12,-0.03088285774025956
2018-11-13,-0.0036288822462018366
2018-11-14,-0.01394618805682335
2018-11-15,0.015658379429137614
2018-11-16,-0.004361321784334238
2018-11-19,-0.029858812432114967
2018-11-20,-0.018205953353593984
2018-11-21,-0.0015945971255015845
2018-11-23,-0.011643693311064296
2018-11-26,0.016547401826641606
2018-11-27,0.0021441660923890993
2018-11-28,0.026667732336881578
2018-11-29,-0.004357406833414124
2018-11-30,0.0008735991969233137
2018-12-03,0.013224468711734216
2018-12-04,-0.020904712790727364
2018-12-06,-0.0034078051729017345
2018-12-07,-0.016449913493110313
2018-12-10,0.001745725608926385
2018-12-11,-0.00575854246879437
2018-12-12,0.004060265672979124
2018-12-13,-0.001162204645316689
2018-12-14,-0.0038261109417535577
2018-12-17,-0.004639848795475299
2018-12-18,0.0039002049759944146
2018-12-19,-0.008599408093454275
2018-12-20,-0.0061446644176594845
2018-12-21,-0.010388938561278871
2018-12-24,-0.008897376650446764
2018-12-26,0.019492938646140434
2018-12-27,0.0013842179161935864
2018-12-28,0.002880535859327571
2018-12-31,0.004422838964588172
2019-01-02,0.0016332195485300183
2019-01-03,-0.010706045691476374
2019-01-04,0.02677520328532723
2019-01-07,0.021540647728604645
2019-01-08,0.00038689982222828156
2019-01-09,-0.005146790141544955
2019-01-10,0.009160814120053207
2019-01-11,0.0022335382392277836
2019-01-14,-0.00016508206615140075
2019-01-15,0.014446735080184014
2019-01-16,-0.004801252379790677
2019-01-17,0.0038431563372005595
2019-01-18,0.004072837943595475
2019-01-22,-0.008127951820072421
2019-01-23,-0.014974880320053341
2019-01-24,0.005259841454004155
2019-01-25,0.01195380173428262
2019-01-28,0.008708557333092504
2019-01-29,0.008003410394552546
2019-01-30,0.035699351160335846
2019-01-31,0.014268550683220527
2019-02-01,0.0056718373250606025
2019-02-04,-0.004882811732731196
2019-02-05,0.012412666801559835
2019-02-06,0.0003959843254033313
2019-02-07,-0.00436615947260377
2019-02-08,0.0020930784184207685
2019-02-11,0.0002504113687602505
2019-02-12,0.0003505026663357391
2019-02-13,0.0
2019-02-14,0.0
2019-02-15,0.0
2019-02-19,0.0
2019-02-20,0.0
2019-02-21,0.0
2019-02-22,-0.001351342527483812
2019-02-25,-0.00463948206334841
2019-02-26,-0.003560557013984944
2019-02-27,-0.014163203702054927
2019-02-28,0.007110631022139158
2019-03-01,-0.00364070030521213
2019-03-04,-0.010115240307312257
2019-03-05,-0.0015711817941185258
2019-03-06,-0.019195367214528303
2019-03-07,-0.024589756212597957
2019-03-08,0.0007674989569985691
2019-03-11,0.011757233770473663
2019-03-12,-0.007306191729441802
2019-03-13,0.005720472279809874
2019-03-14,-0.01053520559072274
2019-03-15,0.0570100547186938
2019-03-18,0.001796977383782039
2019-03-19,0.013132177459807215
2019-03-20,-0.015279618922503069
2019-03-21,0.00971272854942029
2019-03-22,-0.018691279848723985
2019-03-25,0.006649636401446557
2019-03-26,0.010871783987046912
2019-03-27,0.00093956801165751
2019-03-28,0.006542110108047172
2019-03-29,0.006315285996552511
2019-04-01,0.009131009478222651
2019-04-02,-0.00020229090047108045
2019-04-03,-0.005267933621619703
2019-04-04,0.00979859019708762
2019-04-05,0.003677519828021003
2019-04-08,-0.01773295777876338
2019-04-09,-0.006204745771680398
2019-04-10,-5.969040272402193e-05
2019-04-11,-0.00756054007798268
2019-04-12,0.004983088248423195
2019-04-15,-0.006527095713363074
2019-04-16,0.020808741916102713
2019-04-17,-0.007665217883596198
2019-04-18,0.01132048856019563
2019-04-22,-0.021472193097775483
2019-04-23,0.008100001980661187
2019-04-24,-3.96217919850228e-05
2019-04-25,0.010582251242115426
2019-04-26,0.003532171835749498
2019-04-29,-0.005889583535434451
2019-04-30,0.002125912083474235
2019-05-01,-0.00931214284003401
2019-05-02,-0.0012880622342908987
2019-05-03,0.0029863415025455087
2019-05-06,-0.007961581828733522
2019-05-07,-0.0296463614706044
2019-05-08,0.00037336718818203884
2019-05-09,-0.01312425011343521
2019-05-10,0.0017012145623174213
2019-05-13,-0.025970922370544325
2019-05-14,0.01602233654687968
2019-05-15,0.0003232081992907698
2019-05-16,0.004820931715780352
2019-05-17,-0.019077268895790755
2019-05-20,-0.015404024113270132
2019-05-21,0.013473804855398175
2019-05-22,-0.013409787340645463
2019-05-23,-0.009215387516589901
2019-05-24,0.0008543015176381008
2019-05-28,-0.006486856874758473
2019-05-29,-0.005675636490590885
2019-05-30,0.001392740728821229
2019-05-31,-0.007918218357745532
2019-06-03,-0.018024938951488267
2019-06-04,0.032272783882532075
2019-06-05,0.012268805336147048
2019-06-06,0.011040886171418185
2019-06-07,0.02009067365131112
2019-06-10,0.008182625439038027
2019-06-11,-0.005402953957819867
2019-06-12,-0.004062604121886304
2019-06-13,0.009446347796066235
2019-06-14,0.0042267169865672916
2019-06-17,0.013320739467880927
2019-06-18,0.01979245066171398
2019-06-19,0.008072864809788527
2019-06-20,0.001488787159354299
2019-06-21,-0.005082254576868506
2019-06-24,-0.0007210111259888796
2019-06-25,-0.010877270371133396
2019-06-26,0.014862285254990448
2019-06-27,0.02069979140266498
2019-06-28,0.0046025385655943385
2019-07-01,0.01056390722273326
2019-07-02,0.00029842846580074855
2019-07-03,0.009586110093113609
2019-07-05,-0.002790341088998116
2019-07-08,-0.0067661890086813115
2019-07-09,0.007104110731254831
2019-07-10,0.010815984037625848
2019-07-11,-0.002572444169233856
2019-07-12,-0.008351918426365512
2019-07-15,0.007905675210269747
2019-07-16,-0.0015308625393448683
2019-07-17,0.0010790321973686012
2019-07-18,0.00499774406195197
2019-07-19,-0.021845658841096238
2019-07-22,-0.007154702290965931
2019-07-23,0.0004274640535884
2019-07-24,0.01742372410509363
2019-07-25,0.008744024696829111
2019-07-26,0.01652356172175451
2019-07-29,-0.0006395299218897588
2019-07-30,-0.003326731108013181
2019-07-31,-0.007201153852106401
2019-08-01,-0.0039175621996756504
2019-08-02,0.0023490265655852216
2019-08-05,-0.026064040882185946
2019-08-06,0.01110932063725878
2019-08-07,-0.008042310992671609
2019-08-08,0.020970882847084482
2019-08-09,-0.00737470881041713
2019-08-12,-0.006060627069986557
2019-08-13,0.009829962241758805
2019-08-14,-0.033570913702170246
2019-08-15,-0.003786467442467467
2019-08-16,0.014308820989194171
2019-08-19,0.007277626631980727
2019-08-20,-0.013165782687638461
2019-08-21,0.013884756840511603
2019-08-22,-0.0034931827949390426
2019-08-23,-0.027978550956349935
2019-08-26,0.009782184740870559
2019-08-27,0.001772313592473651
2019-08-28,-0.00020664716259399807
2019-08-29,0.014600732177146636
2019-08-30,-0.0007901579493413413
2019-09-03,-0.004585449672412589
2019-09-04,0.010934619698525827
2019-09-05,0.01629297450412981
2019-09-06,-0.005343583272436114
2019-09-09,-0.00104017080827834
2019-09-10,-0.0009542438232092998
2019-09-11,0.0004540976574689548
2019-09-12,0.0075943580191490945
2019-09-13,-0.00734174826100531
2019-09-16,0.004695783786579533
2019-09-17,0.006168403527794908
2019-09-18,-0.0041603907823901665
2019-09-19,0.0012191302001616222
2019-09-20,0.0009087836075785116
2019-09-23,0.0017333777816970208
2019-09-24,-0.006701270101750034
2019-09-25,0.0028787357244752787
2019-09-26,0.004611299628032084
2019-09-27,-0.013804217319812628
2019-09-30,0.008092133760938536
2019-10-01,-0.0010784629365020448
2019-10-02,-0.01679408318937603
2019-10-03,0.008577261975556194
2019-10-04,0.017657375414688925
2019-10-07,-0.00382449641992777
2019-10-08,-0.017111890646525407
2019-10-09,0.010015680528838278
2019-10-10,0.005345628209427078
2019-10-11,0.0051704844453708265
2019-10-14,-0.00038278164546434734
2019-10-15,0.0042935925875755565
2019-10-16,-0.002301359043087925
2019-10-17,-0.0010385716185188354
2019-10-18,-0.0021272073739914132
2019-10-21,-0.001891566864207439
2019-10-22,-0.02694616961837748
2019-10-23,-0.00982716927901539
2019-10-24,0.021166891302989876
2019-10-25,0.004127866470143848
2019-10-28,0.007072280991277102
2019-10-29,-0.0036811629146430436
2019-10-30,0.010990335576917865
2019-10-31,-0.006450337408744122
2019-11-01,0.010635338867962973
2019-11-04,-0.0034005880362563135
2019-11-05,0.0010980104575335492
2019-11-06,0.0004944307021554906
2019-11-07,0.0019057518443144073
2019-11-08,0.008202628704442771
2019-11-11,-0.0030739892200599694
2019-11-12,0.006897681825394297
2019-11-13,0.0014011552786021841
2019-11-14,-0.002886946211761332
2019-11-15,0.004861109692848142
2019-11-18,-0.006801268514545433
2019-11-19,0.0033067923513490083
2019-11-20,0.003444137442532913
2019-11-21,0.0026537413657334863
2019-11-22,-0.0011565019140101773
2019-11-25,0.0027051133932805005
2019-11-26,0.006313263607332864
2019-11-27,0.002780400149404283
2019-11-29,-0.008979074829901346
2019-12-02,-0.005826129807244507
2019-12-03,-0.007030746360213613
2019-12-04,0.015460601611010372
2019-12-05,0.0027506161390000727
2019-12-06,0.0072743940850679145
2019-12-09,0.004824093552322273
2019-12-10,-0.002955596565005769
2019-12-11,0.016832745855164477
2019-12-12,0.006876159901717083
2019-12-13,0.009348404239989172
2019-12-16,0.02238911407670119
2019-12-17,-0.012050562348304705
2019-12-18,0.0019209174943779495
2019-12-19,0.005128298096061634
2019-12-20,0.010085211954413031
2019-12-23,0.007801863339869097
2019-12-24,-0.0003109158041628701
2019-12-26,0.008522479059920096
2019-12-27,0.0014482232346344492
2019-12-30,-0.014307570178977658
2019-12-31,0.001872476257422262
2020-01-02,0.028165459189290587
2020-01-03,-0.005241501774498003
2020-01-06,0.0037682613207603577
2020-01-07,0.003966065069483049
2020-01-08,0.011273104117688337
2020-01-09,0.00701228754686789
2020-01-10,-0.0010083577780859443
2020-01-13,0.0019185774275354284
2020-01-14,0.013962966694742285
2020-01-15,-0.0099149156884486
2020-01-16,0.004917714057247169
2020-01-17,0.005466975541443153
2020-01-21,-0.011090784140478593
2020-01-22,0.009268197077290319
2020-01-23,0.018647608398927318
2020-01-24,0.0044156588515593675
2020-01-27,-0.024024630682899173
2020-01-28,0.017164252830461413
2020-01-29,-0.005428987149291076
2020-01-30,-0.0031726105177022346
2020-01-31,-0.03278012660737728
2020-02-03,0.006258317136390357
2020-02-04,0.015347079579265177
2020-02-05,0.0191558210638616
2020-02-06,0.003193339803031714
2020-02-07,-0.007082067121162883
2020-02-10,0.002555728428842885
2020-02-11,0.010241580218023794
2020-02-12,0.004671273905716866
2020-02-13,0.00055663153613561
2020-02-14,-0.005465108108365202
2020-02-18,0.007313506752729015
2020-02-19,0.003300206496404945
2020-02-20,0.003207099931759494
2020-02-21,-0.01987668034878176
2020-02-24,-0.049616353856930306
2020-02-25,-0.025647708066908304
2020-02-26,-0.009294912608893702
2020-02-27,-0.040134710265768536
2020-02-28,-0.006407421971271643
2020-03-02,0.028139142034578013
2020-03-03,-0.03546256090376976
2020-03-04,0.020415818547010467
2020-03-05,-0.046566753633836444
2020-03-06,-0.02656527830586608
2020-03-09,-0.09457855001649729
2020-03-10,0.06134192718063347
2020-03-11,-0.05150264008928018
2020-03-12,-0.11798082340011462
2020-03-13,0.11968380299653125
2020-03-16,-0.14499099093284684
2020-03-17,0.07620558300034075
2020-03-18,-0.07507068683950135
2020-03-19,0.02226804636608848
2020-03-20,-0.03189048791108107
2020-03-23,-0.014104420011546659
2020-03-24,0.08197386976973786
2020-03-25,0.025469084924485186
2020-03-26,0.06036028908650315
2020-03-27,-0.02449826446331871
2020-03-30,0.02512145466013571
2020-03-31,-0.019465785112844136
2020-04-01,-0.03609121865312226
2020-04-02,0.016720826213389328
2020-04-03,-0.008473127120571466
2020-04-06,0.04340481337580315
2020-04-07,0.011362322662496593
2020-04-08,0.021317773327484524
2020-04-09,0.014508090066966295
2020-04-13,-0.01987418569161503
2020-04-14,0.022447401708208803
2020-04-15,-0.04339197984638843
2020-04-16,-0.004090335666812495
2020-04-17,0.09012507806818681
2020-04-20,-0.033776060711454
2020-04-21,-0.034189823442841716
2020-04-22,0.031040169684527052
2020-04-23,-0.03112919096135247
2020-04-24,0.019196400703201943
2020-04-27,0.006296006076796701
2020-04-28,-0.016521529184870265
2020-04-29,0.04679601997679539
2020-04-30,0.0039343893354388815
2020-05-01,-0.040490664073540183
2020-05-04,0.009537215443092606
2020-05-05,-0.002464013564512868
2020-05-06,-0.010826562975100429
2020-05-07,0.004030188706805715
2020-05-08,0.0030039062633029356
2020-05-11,0.025914129599762026
2020-05-12,-0.015066896891216985
2020-05-13,-0.023358459858886627
2020-05-14,0.04298800728316965
2020-05-15,-0.004626871927172815
2020-05-18,0.057310170547975714
2020-05-19,-0.020692054945540606
2020-05-20,0.025654709581593327
2020-05-21,-0.0011999872284615964
2020-05-22,0.0019211682902346983
2020-05-26,0.04895180816958078
2020-05-27,0.037044056586924556
2020-05-28,-0.017371890164072923
2020-05-29,-0.0009719414576877528
2020-06-01,0.002737609393801854
2020-06-02,0.0006227923329564788
2020-06-03,-0.001356253914509442
2020-06-04,-0.0032167773032999447
2020-06-05,0.015539324044179459
2020-06-08,0.00994094541713908
2020-06-09,0.0030007745483133785
2020-06-10,0.017186885857903178
2020-06-11,-0.037686942769857734
2020-06-12,0.009999801432442723
2020-06-15,0.012901961648442262
2020-06-16,0.019073940047356297
2020-06-17,0.0034256737721372055
2020-06-18,0.013905360737746175
2020-06-19,0.0014352526506749008
2020-06-22,0.01636312587631994
2020-06-23,-0.006642346628485396
2020-06-24,-0.023380768235152116
2020-06-25,0.014366121830024614
2020-06-26,-0.02867874568190787
2020-06-29,0.0377126455109571
2020-06-30,0.00336714129450133
2020-07-01,0.010247810745887875
2020-07-02,0.004550098366931099
2020-07-06,0.02817578698394896
2020-07-07,-0.01424571881597625
2020-07-08,0.0032390514445519436
2020-07-09,-0.010479829256869189
2020-07-10,0.013502612767577249
2020-07-13,-0.008272177205001174
2020-07-14,0.01690882382749903
2020-07-15,0.01085241661679115
2020-07-16,-0.01284805639412423
2020-07-17,0.013424454064764335
2020-07-20,0.02769053060902049
2020-07-21,-0.012178313469264457
2020-07-22,0.00991085840696293
2020-07-23,-0.013580708612408898
2020-07-24,-0.00586986728113692
2020-07-27,0.01384876497160148
2020-07-28,-0.006297714439631896
2020-07-29,0.010367752343705572
2020-07-30,-0.007512457217938917
2020-07-31,0.0030805044142121485
2020-08-03,0.015982535648023655
2020-08-04,0.001148907026536028
2020-08-05,0.012816340689848937
2020-08-06,0.014972792439879923
2020-08-07,-0.010083285188007718
2020-08-10,-0.0103179715360322
2020-08-11,-0.0070237909389472275
2020-08-12,0.021506352509589544
2020-08-13,0.003073686677267373
2020-08-14,-0.0032895381300791504
2020-08-17,0.012717791167377923
2020-08-18,0.01251475174195682
2020-08-19,-0.005994501364860794
2020-08-20,0.018294188420233892
2020-08-21,0.00023681427141775124
2020-08-24,-0.001394803019616364
2020-08-25,0.022428363458558476
2020-08-26,0.09423833504252577
2020-08-27,0.001028809121118357
2020-08-28,-0.0015661598473956095
2020-08-31,0.005398709488967812
2020-09-01,0.005893144215576296
2020-09-02,5.9568382077213045e-05
2020-09-03,-0.016155024186053968
2020-09-04,-0.001729872677900146
2020-09-08,-0.08286742972218097
2020-09-09,0.05246256719785469
2020-09-10,-0.009928729651184631
2020-09-11,-0.0023441476366309333
2020-09-14,0.0448994875726334
2020-09-15,0.029587184751900475
2020-09-16,-0.009577242612827885
2020-09-17,-0.01245279070457983
2020-09-18,0.0039005470902382378
2020-09-21,-0.0018825437872562745
2020-09-22,0.000821201351209
2020-09-23,-0.03161192170436544
2020-09-24,0.004617187616242413
2020-09-25,0.016259529903356995
2020-09-28,0.019516489526447245
2020-09-29,-0.0039008237949689217
2020-09-30,0.018517283856066324
2020-10-01,0.0020482276194688787
2020-10-02,-0.009409082087533993
2020-10-05,0.016648951145733948
2020-10-06,-0.009314721179570773
2020-10-07,0.014768751722069595
2020-10-08,0.0033010433530162864
2020-10-09,-0.0011693255082247944
2020-10-12,0.013163078457059774
2020-10-13,-0.001315747259585942
2020-10-14,-0.0026593252367057563
2020-10-15,-0.005051461065811225
2020-10-16,0.0017105223375182277
2020-10-19,-0.017977863759129242
2020-10-20,0.006794847256390568
2020-10-21,-0.008573462266096787
2020-10-22,0.008138858293339268
2020-10-23,-0.0004794408106663095
2020-10-26,-0.01700623169286164
2020-10-27,-0.018976495976350205
2020-10-28,-0.03009539029143138
2020-10-29,0.004779962455743192
2020-10-30,-0.005759790788417485
2020-11-02,0.01485621578108387
2020-11-03,0.009492721022919648
2020-11-04,0.03778572062396712
2020-11-05,0.013699512639115063
2020-11-06,-0.0009843088611882767
2020-11-09,0.007976884431446951
2020-11-10,0.0011822223512814034
2020-11-11,0.0128703501637637
2020-11-12,-0.001018989437990614
2020-11-13,0.009031667590263748
2020-11-16,-0.0061415014234004195
2020-11-17,-0.0005859754472716805
2020-11-18,-0.02815297949622364
2020-11-19,0.0015774213815460403
2020-11-20,-0.0005604153591047822
2020-11-23,-0.0023542106790133133
2020-11-24,4.7864353683868543e-05
2020-11-25,0.0036255196167063186
2020-11-27,0.005803004754807661
2020-11-30,0.01242110042858191
2020-12-01,7.21096902271956e-05
2020-12-02,0.0052803071625529
2020-12-03,0.010385898759908807
2020-12-04,0.01362756730212511
2020-12-07,-0.004750525408675155
2020-12-08,-0.0006165060734554251
2020-12-09,-0.012169096807904345
2020-12-10,0.012524235141913254
2020-12-11,-0.0003618460349811281
2020-12-14,0.005503065132812068
2020-12-15,0.010218344393942314
2020-12-16,0.0018251464360576897
2020-12-17,0.006045067679410376
2020-12-18,-0.002071942614094713
2020-12-21,-0.007018148560229753
2020-12-22,-0.0034305585871013955
2020-12-23,-0.009300444375805461
2020-12-24,0.004896276965123736
2020-12-28,0.000610871861618234
2020-12-29,0.0007707374878738182
2020-12-30,0.00926375362508125
2020-12-31,0.003923811028125002
2021-01-04,-0.007639832022713233
2021-01-05,0.0042918176306185885
2021-01-06,-0.009095488595949663
2021-01-07,0.020689835804198475
2021-01-08,-0.0013661887432456776
2021-01-11,0.006470555710859083
2021-01-12,-0.010264224084905571
2021-01-13,0.006931427515601385
2021-01-14,-0.006674730433918086
2021-01-15,0.0037176519297770216
2021-01-19,0.012087833996309305
2021-01-20,0.02009610184199162
2021-01-21,0.005348978205546029
2021-01-22,-0.0030315836941149366
2021-01-25,0.007619886444161672
2021-01-26,0.007822886764876413
2021-01-27,-0.027482805595921644
2021-01-28,0.0035100938227654588
2021-01-29,-0.02895487914726802
2021-02-01,0.017918898812477213
2021-02-02,0.022115762995385646
2021-02-03,-0.007863266295206617
2021-02-04,0.016320986222498224
2021-02-05,0.0038463387654461556
2021-02-08,-0.0005914512584480613
2021-02-09,0.0038744395215619676
2021-02-10,-0.0013832476667940963
2021-02-11,0.004643929001775904
2021-02-12,0.010034259057887907
2021-02-16,0.005585543588213948
2021-02-17,0.004857300128744635
2021-02-18,0.0019540743765669166
2021-02-19,-0.006614664453179375
2021-02-22,-0.0052812521440940285
2021-02-23,-0.00036613771790861005
2021-02-24,0.006872593208170796
2021-02-25,-0.018452051714777595
2021-02-26,-0.007562312799555548
2021-03-01,0.02659152526391284
2021-03-02,-0.004593559624000987
2021-03-03,-0.014139108603059891
2021-03-04,-0.015171547988752754
2021-03-05,0.01958583754277088
2021-03-08,0.002070784875398468
2021-03-09,0.019481832190825887
2021-03-10,0.0008823013437948557
2021-03-11,0.011732007843737513
2021-03-12,0.0050924798916811564
2021-03-15,0.010465431843350359
2021-03-16,0.003840744987431366
2021-03-17,0.0012304998719523397
2021-03-18,-0.01385849001428574
2021-03-19,0.006497063300243244
2021-03-22,0.004038486111025863
2021-03-23,-0.006780258529933247
2021-03-24,-0.0030857192869918615
2021-03-25,0.009413634127905413
2021-03-26,0.023146268598601027
2021-03-29,-0.0012926376032402764
2021-03-30,-0.005129079356457122
2021-03-31,-0.00030040727330671313
2021-04-01,0.00514491574707554
2021-04-05,-0.0026865860486257054
2021-04-06,-0.0030522899532969827
2021-04-07,-0.00042511732703487404
2021-04-08,-0.0011534309297798195
2021-04-09,0.0038074405476700157
2021-04-12,-0.006161602061423244
2021-04-13,0.0022109770873404155
2021-04-14,0.006380931987175931
2021-04-15,0.009721353602817784
2021-04-16,0.006445833902186449
2021-04-19,-0.001684349009501207
2021-04-20,-0.013975082457403754
2021-04-21,0.019933306012672736
2021-04-22,-0.007668411590200486
2021-04-23,0.009183240663857895
2021-04-26,0.004527240402742327
2021-04-27,0.009334077281303088
2021-04-28,0.005515531995121892
2021-04-29,-0.001618545135841365
2021-04-30,-0.006423447638135182
2021-05-03,0.006600876846583947
2021-05-04,-0.00795758740787944
2021-05-05,0.02120428878763514
2021-05-06,0.010025378257789708
2021-05-07,0.009803381002796208
2021-05-10,-0.011047256000734085
2021-05-11,-0.011404379851844393
2021-05-12,-0.0202816044697951
2021-05-13,0.0030721546398388977
2021-05-14,0.02357761465716024
2021-05-17,0.004276541117054
2021-05-18,-0.007612671897339052
2021-05-19,-0.005682617306759563
2021-05-20,0.010171602486442888
2021-05-21,-0.004041733319860574
2021-05-24,0.0016575312696398559
2021-05-25,0.007617561945944207
2021-05-26,0.005964918307842071
2021-05-27,0.001630699249422607
2021-05-28,0.0014273300291438584
2021-06-01,-0.005321510420133735
2021-06-02,-0.006935256331182527
2021-06-03,0.002282017035645456
2021-06-04,0.002121255617827611
2021-06-07,-0.000992719121985619
2021-06-08,6.999389055595273e-05
2021-06-09,-0.00405271126387341
2021-06-10,0.0011101819326531093
2021-06-11,0.006998727662691939
2021-06-14,-0.0028831001176526927
2021-06-15,-0.0022351181858590863
2021-06-16,-0.00564472876624833
2021-06-17,-0.009218642465746885
2021-06-18,-0.01398108440546153
2021-06-21,0.022953113873165565
2021-06-22,0.0012412414324294296
2021-06-23,0.0022891270218092785
2021-06-24,0.007878476638236931
2021-06-25,0.003624800144838014
2021-06-28,-0.0021687094044721134
2021-06-29,-0.0033315906877117163
2021-06-30,0.004672810787410553
2021-07-01,0.005637177634223223
2021-07-02,0.0007396322721238136
2021-07-06,-0.011652089417171663
2021-07-07,-0.003553524391234242
2021-07-08,-0.0018090032373249132
2021-07-09,0.022737578508406298
2021-07-12,0.002911595157218727
2021-07-13,-0.02318890209200819
2021-07-14,-0.007941574995678491
2021-07-15,-0.004268410223831065
2021-07-16,-0.016582295253133705
2021-07-19,-0.029823679882176046
2021-07-20,0.029821892982104803
2021-07-21,0.020689838460048238
2021-07-22,-0.008201393719608374
2021-07-23,-0.001657396445841286
2021-07-26,0.014401239063842386
2021-07-27,-0.009419186995501705
2021-07-28,0.02168572451443551
2021-07-29,0.011171754072093254
2021-07-30,-0.013609477044507101
2021-08-02,-0.0027657465965730266
2021-08-03,0.016136349834022345
2021-08-04,-0.0061356656317999025
2021-08-05,0.007929275037562133
2021-08-06,0.009529779701400454
2021-08-09,-0.007614941236515849
2021-08-10,0.003887343616483463
2021-08-11,0.004078869094726434
2021-08-12,-0.0018572628501102306
2021-08-13,-0.0028760962152079017
2021-08-16,-0.00709643179194408
2021-08-17,-0.006021233205468435
2021-08-18,-0.004195684171229064
2021-08-19,-0.016182815948294516
2021-08-20,6.879240248625074e-05
2021-08-23,0.017654096147611487
2021-08-24,0.006307194636813396
2021-08-25,-0.0016993578194028913
2021-08-26,-0.014007825363576143
2021-08-27,0.012682274201305521
2021-08-30,-0.0020080368040156227
2021-08-31,-0.009374142295700771
2021-09-01,0.0007356440123482688
2021-09-02,-0.002409580044666737
2021-09-03,-0.0029536018643009365
2021-09-07,-0.012375107362470272
2021-09-08,0.002418875949128818
2021-09-09,-0.016481469134774662
2021-09-10,-0.007773977145212552
2021-09-13,0.0057757470006387646
2021-09-14,-0.010384711653631307
2021-09-15,0.012915076528826619
2021-09-16,-0.0009265716864399476
2021-09-17,-0.0038037987783995364
2021-09-20,-0.004936086490416436
2021-09-21,-0.0007755351912460684
2021-09-22,-0.0010491483286722003
2021-09-23,0.013489425493312224
2021-09-24,-0.001827591469618639
2021-09-27,0.005112772350776229
2021-09-28,-0.008879456344288883
2021-09-29,0.007228760911610399
2021-09-30,-0.011169648115384123
2021-10-01,0.01071542042676299
2021-10-04,-0.013104159053306974
2021-10-05,0.010630948985037358
2021-10-06,0.0009535035315966223
2021-10-07,0.006427578026116931
2021-10-08,-0.0039808851383345
2021-10-11,-0.0053021523235849966
2021-10-12,-0.005630293428587785
2021-10-13,-0.0015942594496208828
2021-10-14,0.015182359971399384
2021-10-15,0.009154830284592963
2021-10-18,0.006583036813287757
2021-10-19,0.012616008615147667
2021-10-20,0.01533248325792358
2021-10-21,-0.0056427278396514735
2021-10-22,0.0038888781491597246
2021-10-25,-0.01023344051230679
2021-10-26,-0.0005916319982416374
2021-10-27,-0.00998279813508196
2021-10-28,0.0011923805082587613
2021-10-29,0.0058694811361093
2021-11-01,-0.0008719396720722195
2021-11-02,0.0015901534699598319
2021-11-03,0.01130771398917152
2021-11-04,-0.004978085298939172
2021-11-05,0.00824638230453445
2021-11-08,0.008773744129101368
2021-11-09,-0.0021101809829767726
2021-11-10,-0.0022093281676086596
2021-11-11,0.00022936422512076504
2021-11-12,0.0058021306126687655
2021-11-15,-0.0012010073201280669
2021-11-16,0.009243473958057136
2021-11-17,-0.00775234326557217
2021-11-18,0.0006457248547098171
2021-11-19,-0.012940174986224795
2021-11-22,0.012979986530443632
2021-11-23,0.0074293954007051966
2021-11-24,0.0019695624948266044
2021-11-26,-0.01919351976582917
2021-11-29,0.0017532598887788353
2021-11-30,-0.02309767975381527
2021-12-01,-0.0227929103402571
2021-12-02,0.01861381220617986
2021-12-03,-0.017200766143729784
2021-12-06,0.0072149473519884655
2021-12-07,0.02191530735185654
2021-12-08,-0.0014104230509134341
2021-12-09,-0.0038966723957774008
2021-12-10,0.0047764129759269025
2021-12-13,0.00586686400556502
2021-12-14,-0.0030191134103076944
2021-12-15,0.04486312441293161
2021-12-16,0.003776577126679781
2021-12-17,-0.014545664176799256
2021-12-20,-0.0011003920146956947
2021-12-21,0.0037794123007899305
2021-12-22,0.010264353643706814
2021-12-23,0.0053792127936196366
2021-12-27,0.014621290705288503
2021-12-28,-0.010498902665211363
2021-12-29,-0.0035561487085155052
2021-12-30,0.0009134059130742056
2021-12-31,0.00046194123854625957
2022-01-03,-0.005845706890331037
2022-01-04,-0.017454962771887184
2022-01-05,-0.008319850960612274
2022-01-06,-0.0036859160406031988
2022-01-07,-0.011207516039021481
2022-01-10,0.02027976585039193
2022-01-11,0.0033596021776605145
2022-01-12,0.0038865260037075355
2022-01-13,-0.032831038497816434
2022-01-14,-0.007571070864978768
2022-01-18,-0.016360700479957413
2022-01-19,-0.003679940386094538
2022-01-20,-0.01066471208539499
2022-01-21,-0.014691908292708278
2022-01-24,0.013515495918658527
2022-01-25,-0.0233227619028048
2022-01-26,-0.00596355680133509
2022-01-27,-0.007099501472273673
2022-01-28,0.02692774846313495
2022-01-31,0.04588818481663948
2022-02-01,0.012660074224946527
2022-02-02,0.023042626945739553
2022-02-03,-0.03028407104470321
2022-02-04,0.004170212870273415
2022-02-07,-0.013474042728414903
2022-02-08,0.00035160581178583783
2022-02-09,0.02573432407448828
2022-02-10,-0.014747430263619021
2022-02-11,-0.023336647438371827
2022-02-14,-0.00908072023910167
2022-02-15,0.04009668539106226
2022-02-16,-0.014995525459286507
2022-02-17,-0.03615503170469492
2022-02-18,0.011699876894120553
2022-02-22,-0.006721429720735195
2022-02-23,-0.03799113526729547
2022-02-24,0.03444179154967797
2022-02-25,0.02081954969685551
2022-02-28,0.016148261217864945
2022-03-01,-0.03859262436906219
2022-03-02,0.00782717071942085
2022-03-03,-0.011664204824534674
2022-03-04,-0.012274828459048481
2022-03-07,-0.03719831007308039
2022-03-08,0.009260370375890892
2022-03-09,0.03600116112340079
2022-03-10,-0.009812432985920716
2022-03-11,-0.006457831009754167
2022-03-14,0.0025686372173656657
2022-03-15,0.025572505683064684
2022-03-16,0.0420598866111388
2022-03-17,0.005650923733053537
2022-03-18,0.01663684602758808
2022-03-21,-0.0018475090836945762
2022-03-22,0.020424418320073023
2022-03-23,-0.008086320644999478
2022-03-24,0.00988530934373233
2022-03-25,-0.005186255470053247
2022-03-28,0.016112845775094753
2022-03-29,0.006561126288677777
2022-03-30,0.0
2022-03-31,0.0
2022-04-01,-0.00836199401031923
2022-04-04,0.008542002898531464
2022-04-05,-0.016877469650099397
2022-04-06,-0.012179157000426377
2022-04-07,0.004420640716116697
2022-04-08,-0.007385152369238979
2022-04-11,-0.0168165540095232
2022-04-12,-0.013183947093689974
2022-04-13,0.01696259402666911
2022-04-14,-0.02119678290093341
2022-04-18,-0.00804010267284816
2022-04-19,0.006529941847088994
2022-04-20,0.0006785778836753131
2022-04-21,-0.013000344600383462
2022-04-22,-0.02121433088143798
2022-04-25,-0.0051515435167680534
2022-04-26,-0.03201110677946195
2022-04-27,-0.016855320968631737
2022-04-28,0.04452221660803768
2022-04-29,-0.04133737759097267
2022-05-02,0.023463593985662667
2022-05-03,0.0066069344771628735
2022-05-04,0.02922459862512783
2022-05-05,-0.03941127808247846
2022-05-06,0.0016985700436935591
2022-05-09,-0.017896885184878863
2022-05-10,-0.0038159048772498094
2022-05-11,-0.03577119428037956
2022-05-12,0.007536198230683189
2022-05-13,0.06855564725914376
2022-05-16,-0.022838550808656377
2022-05-17,0.03242677975836816
2022-05-18,-0.05221994301872157
2022-05-19,0.024588101184499722
2022-05-20,-0.008701469802184891
2022-05-23,0.01172826040498931
2022-05-24,-0.015638056018834168
2022-05-25,0.02780477828091321
2022-05-26,0.04461338165125972
2022-05-27,0.03623790706313379
2022-05-31,-0.0055337049318612275
2022-06-01,-0.009242548684230023
2022-06-02,0.024946912568610813
2022-06-03,-0.044252651392290177
2022-06-06,0.007269829810029327
2022-06-07,0.0031284786718985824
2022-06-08,-0.0006282948203893968
2022-06-09,-0.003770428668719572
2022-06-10,0.0069008395052057026
2022-06-13,-0.020756828877077638
2022-06-14,-0.009819257254384262
2022-06-15,0.004529204693587419
2022-06-16,-0.01882104412011132
2022-06-17,0.004820339606347757
2022-06-21,0.0076658884810860695
2022-06-22,-0.038228614904148306
2022-06-23,0.008053499983315504
2022-06-24,0.029831980649470013
2022-06-27,-0.006064964720083887
2022-06-28,-0.010383682497099422
2022-06-29,0.0
2022-06-30,-0.006172373562675859
2022-07-01,-0.015586909724863318
2022-07-05,0.009915453317512979
2022-07-06,0.002605714749590815
2022-07-07,0.01980106989941466
2022-07-08,-0.00013666754247865232
2022-07-11,-0.014989254651663786
2022-07-12,-0.002429830674377409
2022-07-13,0.01044988781961842
2022-07-14,0.003753239406927733
2022-07-15,0.02500010367504446
2022-07-18,-0.008211062835626226
2022-07-19,0.008577400228544363
2022-07-20,0.019329099839926922
2022-07-21,0.00311960147814494
2022-07-22,-0.012222712974065741
2022-07-25,-0.003154289472693028
2022-07-26,-0.01744760528019984
2022-07-27,0.03327628251609949
2022-07-28,-0.005371558566460211
2022-07-29,0.0013777199475042412
2022-08-01,-0.004231848972694685
2022-08-02,0.0024503685655981045
2022-08-03,0.023678928338670024
2022-08-04,0.003569745431984739
2022-08-05,0.002255274276951047
2022-08-08,-0.0010972164370487425
2022-08-09,-0.012394688527781583
2022-08-10,0.028962719321826258
2022-08-11,-0.00011945080384345719
2022-08-12,0.026936547913780196
2022-08-15,0.006795234029805197
2022-08-16,-0.0031464988172283936
2022-08-17,-0.011222885939327742
2022-08-18,0.009138659024652052
2022-08-19,-0.019104152274486474
2022-08-22,-0.01717872381504637
2022-08-23,0.0031526364758878156
2022-08-24,0.0004489710144899295
2022-08-25,0.0
2022-08-26,0.0
2022-08-29,0.0
2022-08-30,-0.006336748461459041
2022-08-31,-0.011873383105089341
2022-09-01,-0.0207637123174651
2022-09-02,-0.016472633458789465
2022-09-06,-0.01828025421871937
2022-09-07,0.015165910311663255
2022-09-08,0.013203760580772217
2022-09-09,0.025370653179268565
2022-09-12,0.004734585837770311
2022-09-13,-0.05072238697159548
2022-09-14,-0.0024512990356739817
2022-09-15,-0.0056819098587971295
2022-09-16,-0.003993721026471886
2022-09-19,0.008114421540662331
2022-09-20,-0.014698793221284867
2022-09-21,-0.01969044108626894
2022-09-22,-0.012726025113308448
2022-09-23,-0.018975579828425793
2022-09-26,-0.025743493611086188
2022-09-27,-0.004716629155215979
2022-09-28,0.033178665268026375
2022-09-29,-0.03665467065126704
2022-09-30,-0.010907250652930411
2022-10-03,0.015203377495565773
2022-10-04,0.02357990177670377
2022-10-05,-0.0006479260726354186
2022-10-06,-0.008491005450715128
2022-10-07,-0.037769542338287
2022-10-10,-0.0038919133279271545
2022-10-11,-0.004634631479458751
2022-10-12,-0.0003065604650306364
2022-10-13,0.019040437313963876
2022-10-14,-0.04053456779092346
2022-10-17,0.04123173112614853
2022-10-18,0.004452643175710147
2022-10-19,-0.0029384909810490356
2022-10-20,-0.002202214442222572
2022-10-21,0.0026654869184690178
2022-10-24,0.010101010615592765
2022-10-25,-0.0014014943967868287
2022-10-26,0.0019400613124382904
2022-10-27,-0.006138473332866656
2022-10-28,0.024478373104221296
2022-10-31,-0.015103788412090369
2022-11-01,-0.02202789412525441
2022-11-02,-0.030285215236964258
2022-11-03,-0.026916502846576096
2022-11-04,0.024211625086700606
2022-11-07,0.016982925686205963
2022-11-08,-5.8292739895215995e-05
2022-11-09,-0.037061260510901306
2022-11-10,0.0838419112187303
2022-11-11,0.02915894643612149
2022-11-14,-0.014250512851631925
2022-11-15,0.007196748729717317
2022-11-16,-0.015154625047098413
2022-11-17,0.0018816855583774217
2022-11-18,-0.00576924312173932
2022-11-21,-0.024254637975536064
2022-11-22,0.004126237899866769
2022-11-23,0.03511480776119669
2022-11-25,0.00014204147143570545
2022-11-28,-0.001994365749619642
2022-11-29,0.006434056096821239
2022-11-30,0.0032554587840163407
2022-12-01,-0.010567978271978418
2022-12-02,-0.004534416516777329
2022-12-05,0.0
2022-12-06,-0.00456142123480241
2022-12-07,-0.00014610757596489332
2022-12-08,-0.0007296315355350691
2022-12-09,0.00382277583848345
2022-12-12,-0.0013578682601803616
2022-12-13,-0.002868410066086735
2022-12-14,-0.017944816929739593
2022-12-15,-0.02365823733227912
2022-12-16,-0.016038634463093948
2022-12-19,-0.00034285630110098
2022-12-20,-0.014069645046313028
2022-12-21,0.014952591984094044
2022-12-22,-0.03121524282483501
2022-12-23,-0.008505056736945904
2022-12-27,-0.05049161861033857
2022-12-28,0.004232348214664006
2022-12-29,0.06111391818241074
2022-12-30,0.0075892134378694465
2023-01-03,-0.04981958596014513
2023-01-04,0.036895376688417914
2023-01-05,-0.009179493241689207
2023-01-06,0.028534813094733602
2023-01-09,0.03202796345324921
2023-01-10,0.00109129505537231
2023-01-11,0.0012857839514184288
2023-01-12,0.0068394766634889415
2023-01-13,0.0
2023-01-17,0.0
2023-01-18,0.0
2023-01-19,-0.007720101156056036
2023-01-20,0.0020929026798386374
2023-01-23,0.007491493833071683
2023-01-24,0.002163151649356987
2023-01-25,-0.0017987297189511198
2023-01-26,0.0069375659238206655
2023-01-27,-0.003919359964564273
2023-01-30,-0.005039317198939575
2023-01-31,0.0058739728018553095
2023-02-01,0.0044814109985951145
2023-02-02,0.00812030097774552
2023-02-03,-0.006452457667663891
2023-02-06,0.0036617720931806375
2023-02-07,0.013271550568723534
2023-02-08,-0.011295785044437512
2023-02-09,-0.011350958589564919
2023-02-10,0.015870796851509272
2023-02-13,0.007112181142575835
2023-02-14,-0.00025081236501045545
2023-02-15,0.0010594702219448582
2023-02-16,-0.014333228382599983
2023-02-17,-0.00834289866050164
2023-02-21,-0.018503820565270113
2023-02-22,-0.0029437839412223
2023-02-23,-0.0029731301913407115
2023-02-24,-0.016353285770627557
2023-02-27,0.009289597183609999
2023-02-28,-0.0029782846586414724
2023-03-01,-0.0050681155566872915
2023-03-02,0.009131275385348081
2023-03-03,0.013687128308176533
2023-03-06,-0.0025896176242529156
2023-03-07,-0.004892612482271574
2023-03-08,-0.00772306796157185
2023-03-09,-0.040313429493784025
2023-03-10,-0.018804706070809085
2023-03-13,-0.03964208912040912
2023-03-14,0.020609160136050297
2023-03-15,-0.03138892636549595
2023-03-16,0.023090725352182373
2023-03-17,-0.033557687469118136
2023-03-20,0.01639252631558863
2023-03-21,0.0264176803022651
2023-03-22,-0.02719516495015528
2023-03-23,-0.013786435754016169
2023-03-24,0.0004692908742305324
2023-03-27,0.016867912158365916
2023-03-28,-0.001173938495599769
2023-03-29,0.01850669600092769
2023-03-30,0.002103839964278764
2023-03-31,0.010186013390877546
2023-04-03,0.005354306132182796
2023-04-04,-0.00976494162521191
2023-04-05,0.00479019503894329
2023-04-06,0.007083871727902702
2023-04-10,-0.0066908832448329125
2023-04-11,0.0052824878806736475
2023-04-12,-0.011260705851535935
2023-04-13,0.02295600330299119
2023-04-14,-0.001079959177341494
2023-04-17,0.01219457549972236
2023-04-18,0.0008073724626720402
2023-04-19,-0.007086388254489151
2023-04-20,-0.041832691475910955
2023-04-21,0.004736532623178302
2023-04-24,-0.012887522057975054
2023-04-25,-0.01619142197222123
2023-04-26,-0.004652799872712943
2023-04-27,0.02353718632031776
2023-04-28,0.014514746302000558
2023-05-01,-0.01271209045709043
2023-05-02,-0.02162412448851836
2023-05-03,-0.008180641950712997
2023-05-04,-0.010227868212490665
2023-05-05,0.025118898877951823
2023-05-08,-0.0038626328522332054
2023-05-09,0.01236842184721998
2023-05-10,-0.019786902252906913
2023-05-11,0.0046973693337379885
2023-05-12,-0.016818450904594995
2023-05-15,0.008837324583442552
2023-05-16,-0.014765093381433947
2023-05-17,0.007737550532174842
2023-05-18,0.003789337027548134
2023-05-19,-0.006100191023721058
2023-05-22,0.012180697873241941
2023-05-23,-0.011854337725746178
2023-05-24,-0.006014186968108182
2023-05-25,-0.008149354788199448
2023-05-26,0.0033739561037595678
2023-05-30,-0.004130069735276076
2023-05-31,0.005566097057522423
2023-06-01,-0.00314549973613909
2023-06-02,0.0032572514556659105
2023-06-05,0.003359617195177078
2023-06-06,-0.0011125985193710664
2023-06-07,-0.003083470571332403
2023-06-08,0.017103863345390602
2023-06-09,0.006108203739464857
2023-06-12,0.002272730653434696
2023-06-13,-0.007397581286643362
2023-06-14,-0.00425246725586359
2023-06-15,0.025530332461277006
2023-06-16,-0.01131263365772861
2023-06-20,0.005002456584338955
2023-06-21,-0.002678068953883228
2023-06-22,0.009832070276557081
2023-06-23,-0.002254835276945366
2023-06-26,-0.002275798115572214
2023-06-27,0.012464179892140326
2023-06-28,0.002737370425629493
2023-06-29,0.0002989334833576329
2023-06-30,0.011188897210443471
2023-07-03,0.004121295116845891
2023-07-05,-0.0029165980100963607
2023-07-06,-0.008960323936668124
2023-07-07,0.0006839645427940688
2023-07-10,0.007343856045699537
2023-07-11,0.002382157038375743
2023-07-12,0.012539058278472792
2023-07-13,0.005819971490865772
2023-07-14,0.011703244735948415
2023-07-17,0.005895546589933298
2023-07-18,0.01314603449123064
2023-07-19,-0.0007135888816196534
2023-07-20,-0.004043061664937286
2023-07-21,-0.009638407955425476
2023-07-24,0.00014499378120391704
2023-07-25,0.004227148504438283
2023-07-26,-0.005629302287421756
2023-07-27,0.0038773789936314973
2023-07-28,0.013512513398779014
2023-07-31,-0.004252181816126077
2023-08-01,-0.00012290470774989348
2023-08-02,-0.006291811792304425
2023-08-03,-0.0070936453934772326
2023-08-04,-0.0030754434181687884
2023-08-07,0.008654187261078361
2023-08-08,0.07312800741407455
2023-08-09,0.0007568301596208027
2023-08-10,-0.0003366798083362932
2023-08-11,-0.011088512742575718
2023-08-14,0.030016362901960525
2023-08-15,-0.008767235203230084
2023-08-16,-0.013459036570203864
2023-08-17,-0.0023353976290545475
2023-08-18,0.0003535817508988348
2023-08-21,0.034964092252607326
2023-08-22,-0.015648724050643548
2023-08-23,0.024908830717954356
2023-08-24,-0.013731873915819759
2023-08-25,-0.004729557274353979
2023-08-28,0.00898001145423799
2023-08-29,0.022145368818353717
2023-08-30,0.004365481791508197
2023-08-31,0.0022309081429192634
2023-09-01,-0.004207561760197542
2023-09-05,0.0010865111613431733
2023-09-06,0.002616740556252717
2023-09-07,-0.00943662807265655
2023-09-08,0.0006635806427115476
2023-09-11,0.01446912511529197
2023-09-12,0.0017107044050088671
2023-09-13,0.008231322585514622
2023-09-14,0.012499961858198683
2023-09-15,-0.014422128607584184
2023-09-18,0.00919844328903996
2023-09-19,-0.010458118192189558
2023-09-20,-0.01225024772248906
2023-09-21,-0.013594736563016685
2023-09-22,-0.0005321037153532826
2023-09-25,-0.0029819800764123716
2023-09-26,-0.01943524284510556
2023-09-27,0.00875690397152784
2023-09-28,0.015514728779509213
2023-09-29,-0.002724479695260573
2023-10-02,0.002385007160962793
2023-10-03,-0.01652042762982031
2023-10-04,0.004850720117813179
2023-10-05,0.006455374219322296
2023-10-06,0.01874402413952314
2023-10-09,0.027599613339215123
2023-10-10,-0.0027748507011761125
2023-10-11,-0.0006014683304718105
2023-10-12,0.0042631285102978644
2023-10-13,0.02577484324376078
2023-10-16,0.004153007566882083
2023-10-17,0.002563353210329966
2023-10-18,0.005300514582853966
2023-10-19,-0.0042590452931470235
2023-10-20,-0.02005506372344401
2023-10-23,-0.005618944035846729
2023-10-24,0.0012401210863841605
2023-10-25,-0.014379923918132809
2023-10-26,-0.020142366678712387
2023-10-27,-0.0033650569194711988
2023-10-30,0.003802351205243193
2023-10-31,0.004805114191855475
2023-11-01,-0.008787372035148233
2023-11-02,0.03186166671775892
2023-11-03,0.0051356200117733675
2023-11-06,-0.0011196929213163065
2023-11-07,-0.0017392909735346462
2023-11-08,-0.0007103468877098784
2023-11-09,-0.013507736218533406
2023-11-10,0.00795798973753059
2023-11-13,-0.0009177716236771216
2023-11-14,0.01519788581732695
2023-11-15,-0.0013199276503331747
2023-11-16,-0.008825574187439456
2023-11-17,0.00955222766613395
2023-11-20,0.007071634970501561
2023-11-21,-0.009186114499855402
2023-11-22,0.00411414769482743
2023-11-24,0.0016860730790293488
2023-11-27,-0.003948540621435237
2023-11-28,-0.00034963142354738075
2023-11-29,-0.0010828335373976872
2023-11-30,-0.00815416716168793
2023-12-01,0.0015904599029250566
2023-12-04,-0.012320756834818258
2023-12-05,0.003916415036852916
2023-12-06,-0.014689617654661258
2023-12-07,0.024725913628801832
2023-12-08,0.0125009904397968
2023-12-11,0.01950873068139125
2023-12-12,0.02001343424106805
2023-12-13,0.0131097710668453
2023-12-14,0.00027658120353213356
2023-12-15,0.014570464480257117
2023-12-18,0.021213570972463902
2023-12-19,0.0007353734434460968
2023-12-20,-0.017185068717655794
2023-12-21,0.015035345452411697
2023-12-22,-0.0017877373797328122
2023-12-26,0.006179628062217057
2023-12-27,-0.002005359673327045
2023-12-28,-0.0006687556199185263
2023-12-29,-0.003897195431308287
2024-01-02,-0.0065532636704418445
2024-01-03,0.0008480487159103767
2024-01-04,0.0013853672786863225
2024-01-05,0.005532045511343675
2024-01-08,0.02341966207557955
2024-01-09,0.010067744277164836
2024-01-10,0.014202437193790773
2024-01-11,0.0028435324619924263
2024-01-12,-0.006032585763841358
2024-01-16,0.005847675157328425
2024-01-17,-0.005400997749068881
2024-01-18,0.01562030894176325
2024-01-19,0.02770589681111124
2024-01-22,-0.0030592535446969382
2024-01-23,0.004625791828981152
2024-01-24,0.00645040118664908
2024-01-25,-0.0061417691977567745
2024-01-26,-0.0023512680168441547
2024-01-29,0.012107123780902285
2024-01-30,-0.010695283376894404
2024-01-31,-0.01162513595799275
2024-02-01,0.015629605754136522
2024-02-02,0.03797157445090682
2024-02-05,-0.013484248007812338
2024-02-06,-0.0027286678769362638
2024-02-07,0.007857891711654297
2024-02-08,-0.0016253279407134613
2024-02-09,0.010955925101705066
2024-02-12,0.01768483725209058
2024-02-13,-0.015110386293707645
2024-02-14,0.0039823526076463445
2024-02-15,0.01804255859041315
2024-02-16,-0.005394393709747369
2024-02-20,-0.0035201273003394595
2024-02-21,0.0015804574115263481
2024-02-22,0.006609230876309491
2024-02-23,0.007444274921182048
2024-02-26,-0.005220000635096089
2024-02-27,0.003437819033292433
2024-02-28,-0.0011831410134802711
2024-02-29,0.012355173665231867
2024-03-01,0.001967135595188685
2024-03-04,0.009175977243809363
2024-03-05,-0.0038172720566660434
2024-03-06,0.004221892839062491
2024-03-07,0.007598717624416329
2024-03-08,-0.004713276402801947
2024-03-11,0.007923414461696199
2024-03-12,0.009870358108761135
2024-03-13,-0.023778267301780454
2024-03-14,-0.0040131298735589516
2024-03-15,-0.03142503265603236
2024-03-18,0.011934463177882604
2024-03-19,0.0005035880206214483
2024-03-20,0.02182860844436263
2024-03-21,0.03372463161766159
2024-03-22,-0.0016029196286155845
2024-03-25,-0.0033175536110677806
2024-03-26,-0.00511817956435201
2024-03-27,0.001393568776767884
2024-03-28,0.0038406531470969174
2024-04-01,0.004960456116435807
2024-04-02,-0.008044913722770164
2024-04-03,0.008417962682066626
2024-04-04,-0.023316695740763782
2024-04-05,0.01325810827641316
2024-04-08,-0.00321479950480541
2024-04-09,0.003323141554911979
2024-04-10,-0.006093706540607147
2024-04-11,0.0011901977516202145
2024-04-12,-0.005777925074733736
2024-04-15,0.0041310900593458655
2024-04-16,0.015396411598948223
2024-04-17,-0.0018727339697452994
2024-04-18,-0.0001382101473259567
2024-04-19,0.005697776509512309
2024-04-22,0.01229511897060065
2024-04-23,0.022577269536058653
2024-04-24,-0.008472044340646412
2024-04-25,-0.004538645431636179
2024-04-26,0.0026019935646452996
2024-04-29,-0.005604432401347892
2024-04-30,-0.014859710994020392
2024-05-01,0.0013102701925642446
2024-05-02,0.013227087655551584
2024-05-03,0.014943849818695787
2024-05-06,0.016487835202638745
2024-05-07,0.009344516719231422
2024-05-08,0.00045646699399659596
2024-05-09,0.017881036346745205
2024-05-10,0.0002642402119776843
2024-05-13,0.0010181553024581902
2024-05-14,0.0040068655018223875
2024-05-15,0.009848593688364549
2024-05-16,-0.008693969757556985
2024-05-17,-0.0015637805586817821
2024-05-20,0.0019754387540091844
2024-05-21,0.00632380428802537
2024-05-22,-0.0025877917741531364
2024-05-23,0.006985986434567604
2024-05-24,0.009104240507442407
2024-05-28,0.0015634698629907184
2024-05-29,-0.021587412495574276
2024-05-30,0.007159249730691597
2024-05-31,0.011888600149960515
2024-06-03,-0.0184779626696987
2024-06-04,-0.0012966115076122886
2024-06-05,0.010278081232458769
2024-06-06,-0.008217300526406235
2024-06-07,0.0059553197999693275
2024-06-10,0.004471446658330436
2024-06-11,-0.012698287854497226
2024-06-12,0.0051747889986693
2024-06-13,0.0047140175923416905
2024-06-14,-0.004163534311241279
2024-06-17,-0.005630160630469727
2024-06-18,-0.013624793393038459
2024-06-20,0.015278744386833631
2024-06-21,0.004817994868655084
2024-06-24,0.011808875982148859
2024-06-25,-3.0166901679895552e-05
2024-06-26,0.000891698869734503
2024-06-27,0.0009748948138206259
2024-06-28,-0.021542992684054796
2024-07-01,-0.008916384724767634
2024-07-02,0.003840003452574514
2024-07-03,0.022360267781901033
2024-07-05,-0.0015146600765776341
2024-07-08,0.004955832170861596
2024-07-09,0.005371390085222805
2024-07-10,0.013247027672758538
2024-07-11,0.007963956258878024
2024-07-12,0.014623994135483098
2024-07-15,-0.03647587093488358
2024-07-16,-0.01651738411515613
2024-07-17,-0.04866465808551801
2024-07-18,0.018873030532300383
2024-07-19,-0.0004067293122670401
2024-07-22,0.022502731610333004
2024-07-23,0.0016430406278309384
2024-07-24,-0.05150574410501085
2024-07-25,0.013569186997628657
2024-07-26,0.016414327754895375
2024-07-29,-0.0066448031441193045
2024-07-30,-0.00458370522981788
2024-07-31,0.015221830910651768
2024-08-01,0.010703622955731351
2024-08-02,-0.021202938801186844
2024-08-05,-0.025233677671065324
2024-08-06,0.018299165359797254
2024-08-07,-0.011033566395509453
2024-08-08,0.028745658397061336
2024-08-09,0.01092563348613007
2024-08-12,-0.0003915159247100952
2024-08-13,0.01631448665350943
2024-08-14,0.007492206864615936
2024-08-15,0.0032143247424072374
2024-08-16,0.0027088721090959833
2024-08-19,0.0015929893299928555
2024-08-20,8.57548454153978e-05
2024-08-21,0.0016135172450157942
2024-08-22,0.0014696658128789952
2024-08-23,0.012932409482821816
2024-08-26,0.009560243802458457
2024-08-27,-0.00393636562345312
2024-08-28,-0.006175094189971531
2024-08-29,0.006422502082152226
2024-08-30,0.006676479050809814
2024-09-03,-0.023067462249509174
2024-09-04,-0.0018180549308883798
2024-09-05,-0.006660342698962873
2024-09-06,-0.02038428063685427
2024-09-09,0.015003120884013788
2024-09-10,-0.010479397644319266
2024-09-11,0.008932484928780626
2024-09-12,0.012996665370595961
2024-09-13,-0.00012072013090391742
2024-09-16,0.007061969390354861
2024-09-17,0.004079139504358009
2024-09-18,5.501022981468928e-05
2024-09-19,0.017383623803351123
2024-09-20,0.0009439558404831239
2024-09-23,0.0062280937174727935
2024-09-24,0.015262376349645335
2024-09-25,-0.007183792111915777
2024-09-26,0.005698126611957344
2024-09-27,-0.006025034811545482
2024-09-30,0.013216623462699362
2024-10-01,-0.01544599735412322
2024-10-02,-0.0003912162449934975
2024-10-03,-0.008834644097215794
2024-10-04,0.010201101582578698
2024-10-07,-0.0015998747765583188
2024-10-08,0.008038871809072035
2024-10-09,0.0127260797099642
2024-10-10,-0.0010809301301974994
2024-10-11,0.0008147788121939392
2024-10-14,0.006591199946341053
2024-10-15,-0.004506548085812301
2024-10-16,0.00677182926076525
2024-10-17,-0.005116980283753292
2024-10-18,0.02304267140045768
2024-10-21,-0.0005936645170799837
2024-10-22,-0.0021780744069410662
2024-10-23,-0.007692502698567472
2024-10-24,0.001543455160878393
2024-10-25,-0.0017796656361823704
2024-10-28,0.003673623806963233
2024-10-29,-0.006348926092668683
2024-10-30,-0.003074462553265933
2024-10-31,-0.00809960712490898
2024-11-01,-0.0034888703659247122
2024-11-04,-0.0025029744374871488
2024-11-05,0.01362585158542906
2024-11-06,0.03416271703110718
2024-11-07,0.011810023728206165
2024-11-08,0.012669185617603995
2024-11-11,-0.0014720920511560598
2024-11-12,-0.013283228967425953
2024-11-13,-0.01937196828665133
2024-11-14,-0.004055731108207228
2024-11-15,-0.014804569484734742
2024-11-18,0.016271664008565834
2024-11-19,-0.016148546710926248
2024-11-20,-0.006152415936458322
2024-11-21,0.003721526479264048
2024-11-22,0.014030217716220372
2024-11-25,0.022938019946048938
2024-11-26,-0.013983027796612757
2024-11-27,-0.0035209830724619584
2024-11-29,0.008977728223470649
2024-12-02,-0.0035482789512091273
2024-12-03,-0.016461863385946685
2024-12-04,0.0011104271345909744
2024-12-05,-0.012143610874797539
2024-12-06,-0.0023404741673833662
2024-12-09,-0.002184374080199669
2024-12-10,-0.010144510594019218
2024-12-11,-0.011591916115498035
2024-12-12,-0.007908885077066885
2024-12-13,-0.001381900993002505
2024-12-16,-0.011172531175817846
2024-12-17,-0.010632827296340408
2024-12-18,-0.023306981092228174
2024-12-19,-0.002966946532591219
2024-12-20,0.01232485029759034
2024-12-23,0.002297660927063072
2024-12-24,0.009982086840355064
2024-12-26,0.003229255142322529
2024-12-27,-0.005955159452683656
2024-12-30,-0.008553277672191606
2024-12-31,-0.0008250309514578058
2025-01-02,0.002168673272449073
2025-01-03,0.0065973396826823905
2025-01-06,0.0009837003582358061
2025-01-07,-0.0056015234528010716
2025-01-08,0.0018825538913340711
2025-01-10,-0.02338065976520909
2025-01-13,0.0052126599024875375
2025-01-14,0.0035005084767461003
2025-01-15,0.027691267850732837
2025-01-16,-0.001633030467231511
2025-01-17,0.009820895782554961
2025-01-21,0.004945801300102026
2025-01-22,0.024778228615338405
2025-01-23,0.010892645016944424
2025-01-24,-0.0034668619782391996
2025-01-27,-0.014635212662882258
2025-01-28,0.014784225525320771
2025-01-29,-0.0032877460119310475
2025-01-30,0.009656587437881337
2025-01-31,0.0012556564125358882
2025-02-03,-0.028630545821684783
2025-02-04,0.01113018554195011
2025-02-05,0.005894164903322396
2025-02-06,-0.00043653093872286775
2025-02-07,-0.01517404407681855
2025-02-10,0.0024737393851206324
2025-02-11,-0.0028319989972012127
2025-02-12,-0.0007358226858509287
2025-02-13,0.009285896495060397
2025-02-14,0.0038369512153020313
2025-02-18,-0.0009902403140102933
2025-02-19,0.0010887104067771602
2025-02-20,-0.004106030238959946
2025-02-21,-0.02579307879971726
2025-02-24,-0.006900345647329109
2025-02-25,-0.004526035786080684
2025-02-26,-0.0031808360160385796
2025-02-27,-0.010651320890251226
2025-02-28,0.015484318912124317
2025-03-03,-0.02006306466578822
2025-03-04,-0.017830158519375194
2025-03-05,0.013419536955710631
2025-03-06,-0.015341311917319578
2025-03-07,0.003567573775410615
2025-03-10,-0.03102689864928332
2025-03-11,-0.005098900709958554
2025-03-12,0.008969681682156727
2025-03-13,-0.029275967664616376
2025-03-14,0.020212568727804525
2025-03-17,0.009202652339028505
2025-03-18,-0.008958676179325664
2025-03-19,0.013127854136738337
2025-03-20,-0.001846352648089411
2025-03-21,0.0007121107814729299
2025-03-24,0.01596122607908934
2025-03-25,-0.0029107628717266465
2025-03-26,-0.01197352323551526
2025-03-27,-0.0017089744523886008
2025-03-28,-0.0006499285650880537
2025-03-31,0.00758868716950345
2025-04-01,0.004326420917171836
2025-04-02,0.002300562823164265
2025-04-03,-0.025190667481639784
2025-04-04,-0.025041790817549203
2025-04-07,0.002473378916782343
2025-04-08,-0.01414041631834051
2025-04-09,0.09416597983469432
2025-04-10,-0.04011445430020799
2025-04-11,0.014055849672119702
2025-04-14,0.00973858121902249
2025-04-15,-0.005188899129339397
2025-04-16,-0.02179966430975766
2025-04-17,0.010036770518704552
2025-04-21,-0.0252405362730439
2025-04-22,0.012522268989410446
2025-04-23,0.03425360988241799
2025-04-24,0.03195374264898754
2025-04-25,0.025174781483939146
2025-04-28,-0.001960340327210708
2025-04-29,-0.0020764712250272988
2025-04-30,-0.004489390796162063
2025-05-01,-0.002763324386353627
2025-05-02,0.00930359621035226
2025-05-05,-0.0003698559243238142
2025-05-06,-0.02783090694461765
2025-05-07,0.0007170842723585036
2025-05-08,-0.012411379266256795
2025-05-09,-0.0083948319942444
2025-05-12,0.010532220778702639
2025-05-13,-0.013206120649580266
2025-05-14,-0.019004876823804695
2025-05-15,0.02750268713877846
2025-05-16,0.018556178606504936
2025-05-19,0.00628449323892033
2025-05-20,0.0019489930528173716
2025-05-21,-0.002571520778512415
2025-05-22,-0.0013066132442129952
2025-05-23,0.0042832911301560195
2025-05-27,0.009919586236989408
2025-05-28,-0.008180146366398744
2025-05-29,0.00533245869551191
2025-05-30,0.009805039617480249
2025-06-02,0.0023909632531391445
2025-06-03,7.191796535077621e-05
2025-06-04,-0.010045326727255444
2025-06-05,0.0050005500780259116
2025-06-06,0.005345825495816969
2025-06-09,-0.0017363583767917579
2025-06-10,0.0026840272753319017
2025-06-11,0.0044366608742927305
2025-06-12,-0.0022303054707839554
2025-06-13,-0.0019309614933152863
2025-06-16,0.005824024823561702
2025-06-17,-0.006481183620202002
2025-06-18,0.003467805466856877
2025-06-20,0.009252942028915134
2025-06-23,0.027189480867904736
2025-06-24,0.002008425749664866
2025-06-25,0.0007672464788088806
2025-06-26,0.004907725256967588
2025-06-27,0.013450130383391379
2025-06-30,0.010468752234088052
2025-07-01,-0.02421182002194555
2025-07-02,-0.009492115967561277
2025-07-03,0.00850057207502708
2025-07-07,0.004158752286351541
2025-07-08,-0.006663486104394933
2025-07-09,0.010931264495832815
2025-07-10,0.005384936364843718
2025-07-11,0.007833728847012278
2025-07-14,0.022707858664640312
2025-07-15,0.0026842349571680746
2025-07-16,0.0009872893755777934
2025-07-17,-0.001686890547829778
2025-07-18,-0.01272289521996639
2025-07-21,-0.001722421176267197
2025-07-22,-0.010648820548090354
2025-07-23,0.024260037285642078
2025-07-24,-0.03364036911313706
2025-07-25,0.01762999339807414
2025-07-28,-0.010538395302561065
2025-07-29,0.0038007864394706825
2025-07-30,0.018796703990887398
2025-07-31,-0.004611226098308552
2025-08-01,-0.0017748302827534923
2025-08-04,-0.00688166080905217
2025-08-05,0.020115840887935388
2025-08-06,0.00435547425434768
2025-08-07,-0.0014060448869851472
2025-08-08,0.015650313120320725
2025-08-11,-0.009721398884978139
2025-08-12,0.006580506756727056
2025-08-13,0.004891046679078137
2025-08-14,-0.001140986995165294
2025-08-15,0.010856407431009796
2025-08-18,0.003195147814587962
2025-08-19,-0.035215797158930084
2025-08-20,0.004371923803096811
2025-08-21,-0.005232000968417583
2025-08-22,0.003280044303801022
2025-08-25,-0.007651106788982731
2025-08-26,0.00018435009576101002
2025-08-27,0.004453819331299291
2025-08-28,0.013384499005633543
2025-08-29,-0.03434554231181097
2025-09-02,-0.004570259970240298
2025-09-03,-0.007277586808579484
2025-09-04,-0.0024195478252758695
2025-09-05,0.026655816655804854
2025-09-08,0.016391138884380485
2025-09-09,0.009828038349339652
2025-09-10,0.21475366627181303
2025-09-11,-0.0373226823574333
2025-09-12,-0.036953265179984096
2025-09-15,-0.001085654775850764
2025-09-16,-0.0024286565258391235
2025-09-17,0.009586474622729657
2025-09-18,-0.006657311262190491
2025-09-19,0.011690209792578399
2025-09-22,0.0027993419303913303
2025-09-23,0.0007421927147657215
2025-09-24,-0.008927186286439515
2025-09-25,-0.00645161246076853
2025-09-26,0.010152681243157158
2025-09-29,-0.007872272552310156
2025-09-30,-0.005719642684751225
2025-10-01,-0.01048861100447307
2025-10-02,0.004363002794741444
2025-10-03,-0.009196510985228668
2025-10-06,0.010220201101816873
2025-10-07,0.00711966823365584
2025-10-08,0.013231152314442163
2025-10-09,-0.002519963930160518
2025-10-10,-0.020850963269214207
2025-10-13,0.015259274803472778
2025-10-14,-0.0011906137941277706
2025-10-15,0.013936702836489179
2025-10-16,-0.00844985126864728
2025-10-17,0.012197623855484174
2025-10-20,0.014560714373310857
2025-10-21,-0.00015056399806845366
2025-10-22,0.0023029120911723933
2025-10-23,0.0031473970639146476
2025-10-24,0.04100809743583933
2025-10-27,0.015176386548882093
2025-10-28,0.010076315777266531
2025-10-29,-0.00817498992908361
2025-10-30,-0.003031802482498569
2025-10-31,0.003843001907342991
2025-11-03,-0.002341790960180168
2025-11-04,-0.015832091827440276
2025-11-05,0.0324827593779109
2025-11-06,-0.0010165322503448149
2025-11-07,-0.00196203941127171
2025-11-10,0.013944643274015789
2025-11-11,0.01525004166872046
2025-11-12,0.005737602353531601
2025-11-13,-0.027805171141448537
2025-11-14,0.003314129440050495
2025-11-17,0.005791071573918005
2025-11-18,-0.010339869050031258
2025-11-19,0.004006655627040612
2025-11-20,-0.024415324633549562
2025-11-21,0.0009834531760353205
2025-11-24,0.03619859853076557
2025-11-25,0.007180442629387995
2025-11-26,0.013009099901672982
2025-11-28,0.017070845355666053
2025-12-01,-0.0019397206102368392
2025-12-02,0.008913091215929425
2025-12-03,0.02159242797716865
2025-12-04,-0.0009585936296440112
2025-12-05,0.00351487299619202
2025-12-08,-0.02361426986293136
2025-12-09,0.0065847004423309485
2025-12-10,0.0046960835391753886
2025-12-11,-0.006830150646785604
2025-12-12,0.009299956830765232
2025-12-15,-0.0024080748252577333
2025-12-16,-7.825185150522884e-06
2025-12-17,-0.0005019958493013288
2025-12-18,-0.0008709135137502377
2025-12-19,0.0004556607040666627
2025-12-22,-0.0013780353258429079
