date,drawdown
2015-10-16,0.0
2015-10-19,0.0
2015-10-20,-0.00361159619856799
2015-10-21,-0.005310820973103758
2015-10-22,-0.00042388154321759686
2015-10-23,0.0
2015-10-26,0.0
2015-10-27,-0.004673484786298698
2015-10-28,0.0
2015-10-29,0.0
2015-10-30,0.0
2015-11-02,0.0
2015-11-03,-0.009005801113238121
2015-11-04,0.0
2015-11-05,-0.0015474021627993606
2015-11-06,0.0
2015-11-09,-0.00741823864690605
2015-11-10,-0.012255760246286829
2015-11-11,-0.0025483193584064923
2015-11-12,-0.018470091886977902
2015-11-13,-0.029439332202430224
2015-11-16,-0.015776446929917753
2015-11-17,-0.014948635158860801
2015-11-18,-0.017612968321336964
2015-11-19,-0.012502915464225106
2015-11-20,0.0
2015-11-23,-0.0038329617006255257
2015-11-24,0.0
2015-11-25,0.0
2015-11-27,0.0
2015-11-30,0.0
2015-12-01,0.0
2015-12-02,-0.004856355217500163
2015-12-03,-0.01710283896373932
2015-12-04,-0.00770683509028347
2015-12-07,0.0
2015-12-08,0.0
2015-12-09,-0.00859258772590088
2015-12-10,-0.006537388954294787
2015-12-11,-0.01869223838398537
2015-12-14,-0.017881317693867582
2015-12-15,0.0
2015-12-16,0.0
2015-12-17,-0.005781898767824867
2015-12-18,-0.012916199296652997
2015-12-21,0.0
2015-12-22,0.0
2015-12-23,0.0
2015-12-24,0.0
2015-12-28,0.0
2015-12-29,0.0
2015-12-30,-0.0028196985767328098
2015-12-31,-0.010510014922027744
2016-01-04,-0.022059243013869634
2016-01-05,-0.040190885785083896
2016-01-06,-0.08492639320558604
2016-01-07,-0.131235766159166
2016-01-08,-0.1570918393590527
2016-01-11,-0.1286746996814263
2016-01-12,-0.11505442321925541
2016-01-13,-0.15765839972087314
2016-01-14,-0.1512637425707103
2016-01-15,-0.1968712869571776
2016-01-19,-0.2171596252379988
2016-01-20,-0.2358855302762467
2016-01-21,-0.22727430698014628
2016-01-22,-0.2183278620372331
2016-01-25,-0.23222529310629492
2016-01-26,-0.2251171025417471
2016-01-27,-0.225147811467856
2016-01-28,-0.22961160756786414
2016-01-29,-0.2131998103484105
2016-02-01,-0.20736871861951012
2016-02-02,-0.2344360593153857
2016-02-03,-0.22357045126618103
2016-02-04,-0.21874268493598126
2016-02-05,-0.23908401242821864
2016-02-08,-0.26845894687697014
2016-02-09,-0.24280095911816524
2016-02-10,-0.23272523333788164
2016-02-11,-0.23495361668508352
2016-02-12,-0.22076173344934846
2016-02-16,-0.2116281249856028
2016-02-17,-0.18147471834821383
2016-02-18,-0.19105085228015162
2016-02-19,-0.18960243772860352
2016-02-22,-0.17593717355639915
2016-02-23,-0.18138077077904768
2016-02-24,-0.18339692698532706
2016-02-25,-0.18339692698532706
2016-02-26,-0.18339692698532706
2016-02-29,-0.18339692698532706
2016-03-01,-0.18339692698532706
2016-03-02,-0.18339692698532706
2016-03-03,-0.18339692698532706
2016-03-04,-0.18339692698532706
2016-03-07,-0.18339692698532706
2016-03-08,-0.18339692698532706
2016-03-09,-0.18339692698532706
2016-03-10,-0.18339692698532706
2016-03-11,-0.18339692698532706
2016-03-14,-0.18339692698532706
2016-03-15,-0.18339692698532706
2016-03-16,-0.18339692698532706
2016-03-17,-0.18339692698532706
2016-03-18,-0.18339692698532706
2016-03-21,-0.18339692698532706
2016-03-22,-0.18339692698532706
2016-03-23,-0.18339692698532706
2016-03-24,-0.18339692698532706
2016-03-28,-0.18339692698532706
2016-03-29,-0.18339692698532706
2016-03-30,-0.18339692698532706
2016-03-31,-0.18339692698532706
2016-04-01,-0.18339692698532706
2016-04-04,-0.18339692698532706
2016-04-05,-0.18339692698532706
2016-04-06,-0.18339692698532706
2016-04-07,-0.18339692698532706
2016-04-08,-0.17979427330377296
2016-04-11,-0.1812953828325219
2016-04-12,-0.1675094797154748
2016-04-13,-0.16960581934174568
2016-04-14,-0.18304291353869406
2016-04-15,-0.1901857484831525
2016-04-18,-0.17698815822327163
2016-04-19,-0.19677850281432885
2016-04-20,-0.18198431926088798
2016-04-21,-0.193385819267044
2016-04-22,0.0
2016-04-25,-0.09439075327517354
2016-04-26,-0.06197162681371893
2016-04-27,-0.04953712380384101
2016-04-28,-0.0480889022564025
2016-04-29,-0.056032574961455084
2016-05-02,-0.02048282492269382
2016-05-03,-0.04783646525237162
2016-05-04,-0.046057740011550385
2016-05-05,-0.036419999088775135
2016-05-06,-0.031676713527323264
2016-05-09,-0.032439027668244025
2016-05-10,-0.032439027668244025
2016-05-11,-0.032439027668244025
2016-05-12,-0.032439027668244025
2016-05-13,-0.032439027668244025
2016-05-16,-0.032439027668244025
2016-05-17,-0.032439027668244025
2016-05-18,-0.032439027668244025
2016-05-19,-0.032439027668244025
2016-05-20,-0.025621151434923384
2016-05-23,-0.029602795855772635
2016-05-24,-0.025457529622660235
2016-05-25,-0.0222395230138257
2016-05-26,-0.02425758084890084
2016-05-27,-0.024312135323945827
2016-05-31,-0.02496666418587068
2016-06-01,-0.026984722020945817
2016-06-02,-0.0274756290706073
2016-06-03,-0.025675705909968483
2016-06-06,0.0
2016-06-07,0.0
2016-06-08,-0.0069936197463731364
2016-06-09,0.0
2016-06-10,-0.027935272975854297
2016-06-13,-0.016761163785512512
2016-06-14,-0.019483882184484935
2016-06-15,-0.01581025483956644
2016-06-16,0.0
2016-06-17,0.0
2016-06-20,-0.016041461430772008
2016-06-21,0.0
2016-06-22,-0.05261904747762036
2016-06-23,-0.03171213955455421
2016-06-24,-0.0691276560418258
2016-06-27,-0.08703647609787812
2016-06-28,-0.04844338499026646
2016-06-29,-0.032737426652983403
2016-06-30,-0.021302778499691644
2016-07-01,-0.030506783594257736
2016-07-05,-0.05545367907349574
2016-07-06,-0.05298526035451989
2016-07-07,-0.04983655095847983
2016-07-08,-0.03148622903854681
2016-07-11,-0.025347888251732953
2016-07-12,-0.01015513844488114
2016-07-13,-0.011121350036156552
2016-07-14,-0.010272619732476729
2016-07-15,-0.010272619732476729
2016-07-18,-0.010272619732476729
2016-07-19,-0.010272619732476729
2016-07-20,-0.005770002777423122
2016-07-21,-0.014082499326883435
2016-07-22,-0.014515450887367942
2016-07-25,-0.005911865503103075
2016-07-26,0.0
2016-07-27,-0.00448199859088072
2016-07-28,-0.006305265735534915
2016-07-29,-0.008192700543979137
2016-08-01,0.0
2016-08-02,-0.011766094835268803
2016-08-03,-0.01382971199064309
2016-08-04,0.0
2016-08-05,0.0
2016-08-08,0.0
2016-08-09,-0.001902211645351759
2016-08-10,-0.009388291379797686
2016-08-11,0.0
2016-08-12,0.0
2016-08-15,0.0
2016-08-16,-0.0105888886671468
2016-08-17,-0.01973424706271676
2016-08-18,0.0
2016-08-19,-0.0019469795444295723
2016-08-22,-0.0015694582603240637
2016-08-23,0.0
2016-08-24,0.0
2016-08-25,-0.004933995317030759
2016-08-26,-0.007400972517307203
2016-08-29,-0.0036468447561646133
2016-08-30,-0.007186447423829567
2016-08-31,-0.008259031974740094
2016-09-01,-0.006167463458930156
2016-09-02,-0.004933995317030759
2016-09-06,-0.008848983755934459
2016-09-07,-0.008848983755934459
2016-09-08,-0.04724491116956686
2016-09-09,-0.07671155678206742
2016-09-12,-0.06654995270575847
2016-09-13,-0.08343606353631672
2016-09-14,-0.05235481889737292
2016-09-15,-0.042908807015360484
2016-09-16,-0.041648740670927165
2016-09-19,-0.029850565871802903
2016-09-20,-0.03399343691899126
2016-09-21,-0.015625426930435116
2016-09-22,-0.009242077579171504
2016-09-23,0.0
2016-09-26,-0.022333015695386704
2016-09-27,0.0
2016-09-28,0.0
2016-09-29,0.0
2016-09-30,0.0
2016-10-03,0.0
2016-10-04,0.0
2016-10-05,-0.010918324589944128
2016-10-06,0.0
2016-10-07,-0.0014455144148971533
2016-10-10,-0.0015765743456697123
2016-10-11,-0.007154449765113924
2016-10-12,-0.0027266702459409764
2016-10-13,-0.004133801323127684
2016-10-14,-0.013194299628603745
2016-10-17,-0.021751902817427893
2016-10-18,-0.006301756553163895
2016-10-19,0.0
2016-10-20,-0.0035173862148566437
2016-10-21,-0.0084194530632139
2016-10-24,-0.006466973097565054
2016-10-25,-0.002154054578590081
2016-10-26,-0.004401479252610585
2016-10-27,-0.006081999814194106
2016-10-28,0.0
2016-10-31,0.0
2016-11-01,-0.005006344262544538
2016-11-02,-0.0011507634078999907
2016-11-03,-0.02045772832631443
2016-11-04,-0.015711974723591315
2016-11-07,0.0
2016-11-08,0.0
2016-11-09,0.0
2016-11-10,0.0
2016-11-11,0.0
2016-11-14,-0.0221099085895633
2016-11-15,-0.025155975893965676
2016-11-16,-0.018647130911125243
2016-11-17,-0.007278491413478472
2016-11-18,-0.01308184437794968
2016-11-21,-0.00636312334409328
2016-11-22,0.0
2016-11-23,-0.0024885013677484746
2016-11-25,0.0
2016-11-28,-0.01685974921838229
2016-11-29,-0.01673609798303466
2016-11-30,0.0
2016-12-01,-0.01098612503441021
2016-12-02,-0.005620735086894202
2016-12-05,0.0
2016-12-06,0.0
2016-12-07,0.0
2016-12-08,-0.0007023252749537301
2016-12-09,0.0
2016-12-12,0.0
2016-12-13,0.0
2016-12-14,-0.014176936393234363
2016-12-15,-0.010958965748884775
2016-12-16,-0.007874101018263246
2016-12-19,-0.00810886154638879
2016-12-20,-0.00742180807013304
2016-12-21,-0.010589675053531922
2016-12-22,-0.009865044544641322
2016-12-23,-0.010279784641264555
2016-12-27,-0.006931234259294317
2016-12-28,-0.021697237232748967
2016-12-29,-0.02750472740931631
2016-12-30,-0.026283711933256404
2017-01-03,-0.020942690325018498
2017-01-04,-0.01948799881063057
2017-01-05,-0.04058157084834002
2017-01-06,-0.03345445625308818
2017-01-09,-0.01443850716785755
2017-01-10,-0.016754123805297172
2017-01-11,-0.023603800878845282
2017-01-12,-0.03655842862843106
2017-01-13,-0.03205354208568456
2017-01-17,-0.057073963466376276
2017-01-18,-0.046397165122004425
2017-01-19,-0.034274099213694065
2017-01-20,-0.040985995206677006
2017-01-23,-0.036767649917812895
2017-01-24,-0.018898709063456032
2017-01-25,-0.012848878696934518
2017-01-26,0.0
2017-01-27,0.0
2017-01-30,-0.012591613765175924
2017-01-31,-0.02108336351016482
2017-02-01,0.0
2017-02-02,0.0
2017-02-03,0.0
2017-02-06,0.0
2017-02-07,-0.008138263586576211
2017-02-08,-0.015520147145169805
2017-02-09,-0.0036028681566554477
2017-02-10,-0.0016271922284920581
2017-02-13,0.0
2017-02-14,0.0
2017-02-15,0.0
2017-02-16,-0.00597379997993186
2017-02-17,-0.006422836867576609
2017-02-21,0.0
2017-02-22,-0.0016422006875780326
2017-02-23,-0.03622854640173112
2017-02-24,-0.04084114599143851
2017-02-27,-0.02653601397100247
2017-02-28,-0.043478694227633397
2017-03-01,-0.017732320085192765
2017-03-02,-0.03680875728088229
2017-03-03,-0.03041672661058492
2017-03-06,-0.038846940730156265
2017-03-07,-0.03495057367280374
2017-03-08,-0.03533885440079254
2017-03-09,-0.033473157409796284
2017-03-10,-0.033352436432589005
2017-03-13,-0.022351436650532075
2017-03-14,-0.031396143269034615
2017-03-15,-0.01797807411501562
2017-03-16,-0.015477696439187838
2017-03-17,-0.009253497370986907
2017-03-20,0.0
2017-03-21,-0.030306842362862185
2017-03-22,-0.031236246576635596
2017-03-23,-0.032529331444222986
2017-03-24,-0.03470053623933855
2017-03-27,-0.0397366153279034
2017-03-28,-0.02032029950938774
2017-03-29,-0.0169148052161483
2017-03-30,0.0
2017-03-31,-0.00510057305384215
2017-04-03,-0.011943904293607033
2017-04-04,-0.005957411423531123
2017-04-05,-0.014406323751698702
2017-04-06,-0.0039015992509109365
2017-04-07,-0.005269368077664094
2017-04-10,-0.007162067046349474
2017-04-11,-0.007696437862665162
2017-04-12,-0.009699988340563626
2017-04-13,-0.013513892693198803
2017-04-17,-0.00842081435105635
2017-04-18,-0.00990676434074833
2017-04-19,-0.008511672196338305
2017-04-20,-0.006543885411789296
2017-04-21,-0.00898762917803253
2017-04-24,-0.006408556199623661
2017-04-25,0.0
2017-04-26,-0.005811208103746912
2017-04-27,-0.011123236800721581
2017-04-28,-0.01100475272889545
2017-05-01,-0.015433494050808072
2017-05-02,-0.026216084698891473
2017-05-03,-0.018455015627853788
2017-05-04,-0.043318508451362314
2017-05-05,-0.028414873137461383
2017-05-08,-0.0293666296483448
2017-05-09,-0.03326814499566133
2017-05-10,0.0
2017-05-11,0.0
2017-05-12,0.0
2017-05-15,0.0
2017-05-16,0.0
2017-05-17,-0.060632447570268755
2017-05-18,-0.05756527153837854
2017-05-19,-0.06025913268592176
2017-05-22,-0.06330885898829797
2017-05-23,-0.0631765503091416
2017-05-24,-0.06555308883918987
2017-05-25,-0.062344398371490195
2017-05-26,-0.06055333395862361
2017-05-30,-0.056917264917775046
2017-05-31,-0.05799202815090654
2017-06-01,-0.0585073357621394
2017-06-02,-0.05719101924031256
2017-06-05,-0.05902036372240971
2017-06-06,-0.05955718372786656
2017-06-07,-0.05843987498835013
2017-06-08,-0.056331724357693735
2017-06-09,-0.05519037434182994
2017-06-12,-0.046977313846986224
2017-06-13,-0.045396223472262465
2017-06-14,-0.051552540290151994
2017-06-15,-0.057392731625973026
2017-06-16,-0.05860547799603888
2017-06-19,-0.05178238171776173
2017-06-20,-0.06273859152950134
2017-06-21,-0.0542948233580296
2017-06-22,-0.05238845656966218
2017-06-23,-0.05254808263600286
2017-06-26,-0.05187060844730096
2017-06-27,-0.06325313351003559
2017-06-28,-0.04490307513143865
2017-06-29,-0.061606703361573145
2017-06-30,-0.06127513276753738
2017-07-03,-0.07445368748565939
2017-07-05,-0.06304478941585523
2017-07-06,-0.0642353990238298
2017-07-07,-0.05276714079725242
2017-07-10,-0.039529244210301684
2017-07-11,-0.03726730220586649
2017-07-12,-0.02683289760325369
2017-07-13,-0.02834562987164202
2017-07-14,-0.025526913763991743
2017-07-17,-0.02589066470998158
2017-07-18,-0.02144495570235838
2017-07-19,-0.022040885712139247
2017-07-20,-0.021476431141729035
2017-07-21,-0.021040991669714737
2017-07-24,-0.0203389994894152
2017-07-25,-0.02083267871364347
2017-07-26,-0.019666316724827326
2017-07-27,-0.022025892938736136
2017-07-28,-0.02219526020144813
2017-07-31,-0.027195434512804373
2017-08-01,-0.023441846795345667
2017-08-02,-0.029880075296970676
2017-08-03,-0.03503621629630149
2017-08-04,-0.03855017118701287
2017-08-07,-0.027079295615802246
2017-08-08,-0.043406453863411354
2017-08-09,-0.056549465193885706
2017-08-10,-0.0866241300092967
2017-08-11,-0.08166945234268463
2017-08-14,-0.06421050205593926
2017-08-15,-0.05922603385507441
2017-08-16,-0.05901035573375457
2017-08-17,-0.06354678735433295
2017-08-18,-0.06357690632036539
2017-08-21,-0.07291796759048152
2017-08-22,-0.06430664987890722
2017-08-23,-0.06801327863768392
2017-08-24,-0.06686252541244575
2017-08-25,-0.06971200878235029
2017-08-28,-0.07133952877253158
2017-08-29,-0.07918544805013006
2017-08-30,-0.07319485030167927
2017-08-31,-0.06673242231695309
2017-09-01,-0.06101797583631374
2017-09-05,-0.06711801884686064
2017-09-06,-0.07094421580783106
2017-09-07,-0.0738969646133455
2017-09-08,-0.07994783272824824
2017-09-11,-0.06735647554703916
2017-09-12,-0.06352643293498128
2017-09-13,-0.06124895485182835
2017-09-14,-0.05803483415027755
2017-09-15,-0.059069583598981956
2017-09-18,-0.06063821493880894
2017-09-19,-0.06409090355601366
2017-09-20,-0.06531528438186773
2017-09-21,-0.06591482091226375
2017-09-22,-0.06246138208727681
2017-09-25,-0.07802837463667678
2017-09-26,-0.07973283647073814
2017-09-27,-0.07917853575063738
2017-09-28,-0.08470609393533834
2017-09-29,-0.07729686854760331
2017-10-02,-0.08136735003975926
2017-10-03,-0.06694912032797484
2017-10-04,-0.05217645873848131
2017-10-05,-0.0492341674752621
2017-10-06,-0.0469801040845228
2017-10-09,-0.06851292974323164
2017-10-10,-0.04695992272127181
2017-10-11,-0.05089483016374374
2017-10-12,-0.04884500985918494
2017-10-13,-0.05084215686964688
2017-10-16,-0.05799396127061707
2017-10-17,-0.04997352844162639
2017-10-18,-0.041253982492033825
2017-10-19,-0.05222517613700739
2017-10-20,-0.056542931079703984
2017-10-23,-0.07250439629120631
2017-10-24,-0.07036226322521599
2017-10-25,-0.07671452574827209
2017-10-26,-0.08093242945066081
2017-10-27,-0.09239912105209802
2017-10-30,-0.10253097287356072
2017-10-31,-0.09458995628890765
2017-11-01,-0.10538115633361034
2017-11-02,-0.12878209810710317
2017-11-03,-0.11832295891780542
2017-11-06,-0.12122330926913127
2017-11-07,-0.11363086602495365
2017-11-08,-0.11767279886709303
2017-11-09,-0.11983204182900764
2017-11-10,-0.11810288389170498
2017-11-13,-0.10671282269056082
2017-11-14,-0.11450401132014976
2017-11-15,-0.09789036341404422
2017-11-16,-0.09577051052002039
2017-11-17,-0.09176999977254086
2017-11-20,-0.10299214426611725
2017-11-21,-0.0971406149127525
2017-11-22,-0.09521235781947768
2017-11-24,-0.09316984897810288
2017-11-27,-0.09705773040615329
2017-11-28,-0.08908443208383443
2017-11-29,-0.08174170241605283
2017-11-30,-0.08444223932038941
2017-12-01,-0.08751365154813817
2017-12-04,-0.11684673610051377
2017-12-05,-0.11316891507062177
2017-12-06,-0.10820510023324281
2017-12-07,-0.1010465511462203
2017-12-08,-0.10505683103167529
2017-12-11,-0.09525744630470234
2017-12-12,-0.10208608697245725
2017-12-13,-0.10482711783568188
2017-12-14,-0.10294485208202231
2017-12-15,-0.09573931415413128
2017-12-18,-0.08873311909463455
2017-12-19,-0.09889809817011619
2017-12-20,-0.09851155768892839
2017-12-21,-0.10256957203044892
2017-12-22,-0.09938486507792976
2017-12-26,-0.10072548875535736
2017-12-27,-0.09806370961715172
2017-12-28,-0.09654064642564508
2017-12-29,-0.10275619757748766
2018-01-02,-0.0911345664872586
2018-01-03,-0.08310392916900189
2018-01-04,-0.08594803478343327
2018-01-05,-0.08508655567774248
2018-01-08,-0.07978994129842121
2018-01-09,-0.07742396347465064
2018-01-10,-0.07749498380575626
2018-01-11,-0.06686012179761625
2018-01-12,-0.06999127212088219
2018-01-16,-0.07084366302414202
2018-01-17,-0.05036043134013257
2018-01-18,-0.054060280111430714
2018-01-19,-0.05295468606888554
2018-01-22,-0.04102881376789158
2018-01-23,-0.0355531338991788
2018-01-24,-0.042515910770660637
2018-01-25,-0.05470903508740066
2018-01-26,0.0
2018-01-29,-0.011485428074399229
2018-01-30,-0.030268706648697408
2018-01-31,-0.03724955619342574
2018-02-01,-0.04448498096272391
2018-02-02,-0.07018247953008849
2018-02-05,-0.10570043023054121
2018-02-06,-0.08787247019759348
2018-02-07,-0.08482891997525266
2018-02-08,-0.12854848533699736
2018-02-09,-0.12660588583684285
2018-02-12,-0.10298268354213957
2018-02-13,-0.10439622700524287
2018-02-14,-0.08819084455102222
2018-02-15,-0.07823225445775994
2018-02-16,-0.07396631960757871
2018-02-20,-0.0802534682937267
2018-02-21,-0.09283432669896852
2018-02-22,-0.0939654265926616
2018-02-23,-0.07852626677295715
2018-02-26,-0.06803597057247635
2018-02-27,-0.07942686064092663
2018-02-28,-0.09006829272887695
2018-03-01,-0.10008923180881912
2018-03-02,-0.09672425507087867
2018-03-05,-0.08631452431377007
2018-03-06,-0.08786736980878351
2018-03-07,-0.09208597664086937
2018-03-08,-0.08746543929476791
2018-03-09,-0.06822558051518646
2018-03-12,-0.07251370849328209
2018-03-13,-0.07343350450490027
2018-03-14,-0.0752265984036029
2018-03-15,-0.07416453596662287
2018-03-16,-0.07187151640821976
2018-03-19,-0.081807461079483
2018-03-20,-0.07874088003432256
2018-03-21,-0.08030234198427133
2018-03-22,-0.1269288295459795
2018-03-23,-0.13932025721719432
2018-03-26,-0.1220248541664617
2018-03-27,-0.1425578214761104
2018-03-28,-0.1422892025240915
2018-03-29,-0.13118402261035533
2018-04-02,-0.14956578966407907
2018-04-03,-0.1454648760230035
2018-04-04,-0.1309754973419156
2018-04-05,-0.12980036996577426
2018-04-06,-0.15050677092612708
2018-04-09,-0.1487740258672423
2018-04-10,-0.13127232148958579
2018-04-11,-0.13387043895257478
2018-04-12,-0.12940558468487062
2018-04-13,-0.13516796019635835
2018-04-16,-0.13002577748377375
2018-04-17,-0.11519062736829422
2018-04-18,-0.11413221570138399
2018-04-19,-0.1156186614601471
2018-04-20,-0.12232891838512505
2018-04-23,-0.1303344148985608
2018-04-24,-0.1445357720889664
2018-04-25,-0.14372566802932252
2018-04-26,-0.14276079142037224
2018-04-27,-0.13800943531809728
2018-04-30,-0.13607364484999018
2018-05-01,-0.1310093411664599
2018-05-02,-0.12874415870183398
2018-05-03,-0.12698317289735028
2018-05-04,-0.10845235422696353
2018-05-07,-0.10982912255264543
2018-05-08,-0.1075369765009524
2018-05-09,-0.09817829197383898
2018-05-10,-0.0936743073240629
2018-05-11,-0.09401832197259719
2018-05-14,-0.08385945116584281
2018-05-15,-0.08523256263275891
2018-05-16,-0.07667667822733149
2018-05-17,-0.0744653741159923
2018-05-18,-0.07789289542618927
2018-05-21,-0.0748198225623895
2018-05-22,-0.07271297165556234
2018-05-23,-0.08232321573168422
2018-05-24,-0.08024250348127882
2018-05-25,-0.08043575668300296
2018-05-29,-0.07751368219465216
2018-05-30,-0.052930071244794874
2018-05-31,-0.06459438958402741
2018-06-01,-0.06188869692626264
2018-06-04,-0.04372949520250835
2018-06-05,-0.03468986423183251
2018-06-06,-0.033695024568107246
2018-06-07,-0.03403774350587674
2018-06-08,-0.0314669425071914
2018-06-11,-0.028640042333379356
2018-06-12,-0.0336742759370966
2018-06-13,-0.03449642795643748
2018-06-14,-0.030725161148686286
2018-06-15,-0.040940585376970984
2018-06-18,-0.054763424265566796
2018-06-19,-0.06075535351848227
2018-06-20,-0.05187912644792669
2018-06-21,-0.07729259925390963
2018-06-22,-0.07037567532217914
2018-06-25,-0.09311301115488257
2018-06-26,-0.10015998816794491
2018-06-27,-0.10804153425222152
2018-06-28,-0.09768203569587952
2018-06-29,-0.09353840765479238
2018-07-02,-0.08416690450527564
2018-07-03,-0.09734008596145882
2018-07-05,-0.07992686907496249
2018-07-06,-0.06705817312277129
2018-07-09,-0.05650083010173501
2018-07-10,-0.05283722634089405
2018-07-11,-0.06405490829033822
2018-07-12,-0.05296177974707639
2018-07-13,-0.07260132663934649
2018-07-16,-0.07247671166921199
2018-07-17,-0.05935687100497844
2018-07-18,-0.05656342133094994
2018-07-19,-0.058809511755469335
2018-07-20,-0.06001160034795361
2018-07-23,-0.04671040927492298
2018-07-24,-0.045694779087526394
2018-07-25,-0.02219230381387116
2018-07-26,-0.023986423606746965
2018-07-27,-0.041318768121984206
2018-07-30,-0.048287814560243225
2018-07-31,-0.04241081627297161
2018-08-01,-0.03452281682722902
2018-08-02,0.0
2018-08-03,0.0
2018-08-06,0.0
2018-08-07,0.0
2018-08-08,-0.0017300578985189885
2018-08-09,-0.0009826739522159622
2018-08-10,-0.010820939594032963
2018-08-13,-0.01483935823908733
2018-08-14,-0.012272513714683742
2018-08-15,-0.01717230795955349
2018-08-16,-0.0071122809579651225
2018-08-17,-0.005501594723751446
2018-08-20,0.0
2018-08-21,0.0
2018-08-22,0.0
2018-08-23,0.0
2018-08-24,0.0
2018-08-27,0.0
2018-08-28,-0.006177899603134085
2018-08-29,0.0
2018-08-30,-0.000694066961450579
2018-08-31,-0.002100934788710096
2018-09-04,-0.008698657221898776
2018-09-05,-0.009617211772482426
2018-09-06,-0.030959547817681954
2018-09-07,-0.030913616479850248
2018-09-10,-0.023414883868313918
2018-09-11,-0.012991741287501135
2018-09-12,0.0
2018-09-13,0.0
2018-09-14,0.0
2018-09-17,-0.01396640950198158
2018-09-18,0.0
2018-09-19,0.0
2018-09-20,0.0
2018-09-21,0.0
2018-09-24,0.0
2018-09-25,0.0
2018-09-26,0.0
2018-09-27,0.0
2018-09-28,-0.009194642808983744
2018-10-01,0.0
2018-10-02,-0.010012943558472154
2018-10-03,-0.003918880437911332
2018-10-04,-0.033413993071052195
2018-10-05,-0.033041966160099134
2018-10-08,-0.05627862112562876
2018-10-09,-0.04707808210355402
2018-10-10,-0.0959034282659248
2018-10-11,-0.09423916433885571
2018-10-12,-0.05437183891322073
2018-10-15,-0.07272424065122918
2018-10-16,-0.016375325329850088
2018-10-17,-0.024714948614823373
2018-10-18,-0.05311824620561756
2018-10-19,-0.06373222787744592
2018-10-22,-0.057228605358493945
2018-10-23,-0.05558808570888962
2018-10-24,-0.09322736065802739
2018-10-25,-0.07001944641028734
2018-10-26,-0.09465843665339413
2018-10-29,-0.11128611176408132
2018-10-30,-0.10780709868768468
2018-10-31,-0.11063333513654872
2018-11-01,-0.08983768719172314
2018-11-02,-0.09864172829017537
2018-11-05,-0.08806480304938491
2018-11-06,-0.08209922791841318
2018-11-07,-0.07079738516020917
2018-11-08,-0.07356082127844243
2018-11-09,-0.08673639142083367
2018-11-12,-0.12116536739946182
2018-11-13,-0.12678748921328342
2018-11-14,-0.14064011588843062
2018-11-15,-0.12667535553828924
2018-11-16,-0.1215389678001011
2018-11-19,-0.1427215525675084
2018-11-20,-0.1612608325890803
2018-11-21,-0.16163125171909443
2018-11-23,-0.17288105492093686
2018-11-26,-0.16162105140290206
2018-11-27,-0.16138464466703384
2018-11-28,-0.1403056918626987
2018-11-29,-0.14464148595620507
2018-11-30,-0.14352113943300193
2018-12-03,-0.12865745686946295
2018-12-04,-0.15174703977609427
2018-12-06,-0.15451976936165168
2018-12-07,-0.17220022735214924
2018-12-10,-0.17016478971797733
2018-12-11,-0.1753280365843476
2018-12-12,-0.1721478490877011
2018-12-13,-0.17306183744187698
2018-12-14,-0.17606729487379735
2018-12-17,-0.17969800857881424
2018-12-18,-0.17666023179495371
2018-12-19,-0.1833842290715254
2018-12-20,-0.18814751128138318
2018-12-21,-0.19615142678021258
2018-12-24,-0.20293498932939213
2018-12-26,-0.18655801383478832
2018-12-27,-0.18915961692477146
2018-12-28,-0.18392626438908533
2018-12-31,-0.18317546068038204
2019-01-02,-0.18632974679091763
2019-01-03,-0.19083486807848937
2019-01-04,-0.18221216983525368
2019-01-07,-0.16906384558119136
2019-01-08,-0.1705487112030264
2019-01-09,-0.17240200632298408
2019-01-10,-0.16760412981671235
2019-01-11,-0.16559221245504097
2019-01-14,-0.1710225051254498
2019-01-15,-0.15998518482706714
2019-01-16,-0.16162488564468291
2019-01-17,-0.15925727135179513
2019-01-18,-0.17616931235960098
2019-01-22,-0.18253056568978743
2019-01-23,-0.19415523433631443
2019-01-24,-0.19013327957248094
2019-01-25,-0.18094149630394918
2019-01-28,-0.18146775592234432
2019-01-29,-0.17523049247605915
2019-01-30,-0.14629441817308997
2019-01-31,-0.1340635796918762
2019-02-01,-0.12926117425444994
2019-02-04,-0.13419497133488534
2019-02-05,-0.12337211950652782
2019-02-06,-0.12330155595031855
2019-02-07,-0.12694294650012794
2019-02-08,-0.12497077281521951
2019-02-11,-0.12476780175781677
2019-02-12,-0.12476780175781677
2019-02-13,-0.12476780175781677
2019-02-14,-0.12476780175781677
2019-02-15,-0.12476780175781677
2019-02-19,-0.12476780175781677
2019-02-20,-0.12476780175781677
2019-02-21,-0.12476780175781677
2019-02-22,-0.12589140332417903
2019-02-25,-0.12974378327562475
2019-02-26,-0.13268656444493077
2019-02-27,-0.14435069671071143
2019-02-28,-0.1380732636675489
2019-03-01,-0.1411190883116591
2019-03-04,-0.14987981295813235
2019-03-05,-0.1505520621179549
2019-03-06,-0.1667273881446012
2019-03-07,-0.1868843101958202
2019-03-08,-0.18637899174314077
2019-03-11,-0.1764210044917005
2019-03-12,-0.18186792841362398
2019-03-13,-0.17682747922998032
2019-03-14,-0.1852503357981078
2019-03-15,-0.139314016340779
2019-03-18,-0.13750552814071115
2019-03-19,-0.12625191106145583
2019-03-20,-0.13925364482400215
2019-03-21,-0.13071555235065158
2019-03-22,-0.14667516413252024
2019-03-25,-0.14114172789592172
2019-03-26,-0.1316865438083764
2019-03-27,-0.13122093120648515
2019-03-28,-0.12560079762403498
2019-03-29,-0.12025158075048448
2019-04-01,-0.11242922990380377
2019-04-02,-0.11198609846174867
2019-04-03,-0.11640844509119497
2019-04-04,-0.10822601696816214
2019-04-05,-0.10509696081388786
2019-04-08,-0.12011543541361702
2019-04-09,-0.12527886378491537
2019-04-10,-0.12575854683777832
2019-04-11,-0.13161041878694668
2019-04-12,-0.12679506252646
2019-04-15,-0.13260107594517667
2019-04-16,-0.11472503558608027
2019-04-17,-0.12156477837866853
2019-04-18,-0.11162104789501104
2019-04-22,-0.13019208945059535
2019-04-23,-0.12348023101185168
2019-04-24,-0.12345876860970817
2019-04-25,-0.11415658862879596
2019-04-26,-0.11126665275439707
2019-04-29,-0.11643692760182678
2019-04-30,-0.11473425710509733
2019-05-01,-0.12276216887432001
2019-05-02,-0.12398173029666337
2019-05-03,-0.12142603120646667
2019-05-06,-0.12859765381257082
2019-05-07,-0.15464181780807673
2019-05-08,-0.15415660707216383
2019-05-09,-0.16536905868838558
2019-05-10,-0.16332406917791276
2019-05-13,-0.18587416611225094
2019-05-14,-0.17327740127256697
2019-05-15,-0.17096990781659316
2019-05-16,-0.16856210181651177
2019-05-17,-0.181980379327908
2019-05-20,-0.1964007479703802
2019-05-21,-0.18342286936509133
2019-05-22,-0.19188057732821107
2019-05-23,-0.1930974659307274
2019-05-24,-0.1920219181151207
2019-05-28,-0.20353608851185478
2019-05-29,-0.20593742167400286
2019-05-30,-0.20504421789887095
2019-05-31,-0.20946070957555762
2019-06-03,-0.22187704258699137
2019-06-04,-0.19852217956937124
2019-06-05,-0.18980156055365027
2019-06-06,-0.1827268385022215
2019-06-07,-0.16518589022062669
2019-06-10,-0.1587217056881275
2019-06-11,-0.16051083264499333
2019-06-12,-0.1649923073484778
2019-06-13,-0.1559593718801634
2019-06-14,-0.15019867220635574
2019-06-17,-0.13468692193597642
2019-06-18,-0.12075330182630906
2019-06-19,-0.11483594554451271
2019-06-20,-0.11332947961983564
2019-06-21,-0.11727261272090261
2019-06-24,-0.11825791918626527
2019-06-25,-0.12568829431917616
2019-06-26,-0.11456730711218088
2019-06-27,-0.0990282706856489
2019-06-28,-0.09348038429872896
2019-07-01,-0.08579948183237218
2019-07-02,-0.08394413398874234
2019-07-03,-0.07539595026105061
2019-07-05,-0.07779672997395792
2019-07-08,-0.08437546071092639
2019-07-09,-0.07960269063917991
2019-07-10,-0.06692453795150977
2019-07-11,-0.06832598398373513
2019-07-12,-0.07413578188199843
2019-07-15,-0.06729863373906764
2019-07-16,-0.06874895567769812
2019-07-17,-0.06824238852327902
2019-07-18,-0.06464839113604348
2019-07-19,-0.08270678573617529
2019-07-22,-0.08762942355024161
2019-07-23,-0.08542212564200125
2019-07-24,-0.07003928398939341
2019-07-25,-0.06738886287624302
2019-07-26,-0.05055216020901421
2019-07-29,-0.05150792600739629
2019-07-30,-0.050577982911364616
2019-07-31,-0.057907138319308715
2019-08-01,-0.06271921185562879
2019-08-02,-0.060795124873016526
2019-08-05,-0.08458549887691125
2019-08-06,-0.07434002005914797
2019-08-07,-0.07927824190068522
2019-08-08,-0.0622907260483323
2019-08-09,-0.06816508898658524
2019-08-12,-0.07629759236959988
2019-08-13,-0.06703092307166558
2019-08-14,-0.09430023526616438
2019-08-15,-0.09807098751358423
2019-08-16,-0.08290776217701445
2019-08-19,-0.07526169340622912
2019-08-20,-0.08778128424866105
2019-08-21,-0.07666033925124516
2019-08-22,-0.07798313613782559
2019-08-23,-0.10563618773179373
2019-08-26,-0.09709650904907063
2019-08-27,-0.09669053860895305
2019-08-28,-0.09332832350010023
2019-08-29,-0.08021666511628978
2019-08-30,-0.08058819638299652
2019-09-03,-0.08428247702397207
2019-09-04,-0.07552822552778216
2019-09-05,-0.06219502682943212
2019-09-06,-0.0655857727696364
2019-09-09,-0.06479249789235109
2019-09-10,-0.06333280877341807
2019-09-11,-0.064832029346516
2019-09-12,-0.05364930282521818
2019-09-13,-0.062006647698401696
2019-09-16,-0.0582218630254101
2019-09-17,-0.04973791930936311
2019-09-18,-0.053650536246115044
2019-09-19,-0.04855660148933061
2019-09-20,-0.04887668448706772
2019-09-23,-0.04801871219836851
2019-09-24,-0.055151760346404344
2019-09-25,-0.05722003401523501
2019-09-26,-0.051859041215955526
2019-09-27,-0.0628234608776721
2019-09-30,-0.053672664694579764
2019-10-01,-0.05833457773251238
2019-10-02,-0.07652517361868127
2019-10-03,-0.0706088438479886
2019-10-04,-0.05119672960834121
2019-10-07,-0.05645985209495252
2019-10-08,-0.07858881792054828
2019-10-09,-0.0703074889815799
2019-10-10,-0.06428835349314288
2019-10-11,-0.05852944380633218
2019-10-14,-0.05759829803271466
2019-10-15,-0.05142805184013566
2019-10-16,-0.05747171753303448
2019-10-17,-0.057327578685484104
2019-10-18,-0.05763839433165352
2019-10-21,-0.054391814803145366
2019-10-22,-0.06944063372116493
2019-10-23,-0.05806068760808836
2019-10-24,-0.05858109892132635
2019-10-25,-0.055530285735158835
2019-10-28,-0.05083830422202584
2019-10-29,-0.049930599742380344
2019-10-30,-0.051451704901612216
2019-10-31,-0.055209629874836685
2019-11-01,-0.049613462046184664
2019-11-04,-0.03967339844775586
2019-11-05,-0.04088063949577492
2019-11-06,-0.03953230242056838
2019-11-07,-0.03700676088007748
2019-11-08,-0.030055198641630754
2019-11-11,-0.03306803502993183
2019-11-12,-0.029002763600544545
2019-11-13,-0.031921704745026536
2019-11-14,-0.03548560794705258
2019-11-15,-0.029586286692866115
2019-11-18,-0.03340413811819287
2019-11-19,-0.03304000569799581
2019-11-20,-0.03324042640024372
2019-11-21,-0.03095184126787942
2019-11-22,-0.030569813469957907
2019-11-25,-0.03199989647159429
2019-11-26,-0.03687367778300099
2019-11-27,-0.03357245273133391
2019-11-29,-0.04393149840600086
2019-12-02,-0.05029455365289481
2019-12-03,-0.061496276246950754
2019-12-04,-0.05027192047592588
2019-12-05,-0.04940348981879239
2019-12-06,-0.037343060373815073
2019-12-09,-0.03030924922765299
2019-12-10,-0.032289508086478014
2019-12-11,-0.011003380931899454
2019-12-12,0.0
2019-12-13,-0.0028975003633759933
2019-12-16,0.0
2019-12-17,-0.005854828225791198
2019-12-18,-0.0030544646850440005
2019-12-19,0.0
2019-12-20,0.0
2019-12-23,0.0
2019-12-24,0.0
2019-12-26,0.0
2019-12-27,0.0
2019-12-30,-0.00433481936656388
2019-12-31,-0.004154503383288377
2020-01-02,0.0
2020-01-03,-0.0010944922791916722
2020-01-06,0.0
2020-01-07,0.0
2020-01-08,0.0
2020-01-09,0.0
2020-01-10,-0.0003995827638045846
2020-01-13,0.0
2020-01-14,0.0
2020-01-15,-0.009914915688448711
2020-01-16,-0.005045960351459211
2020-01-17,0.0
2020-01-21,-0.011090784140478593
2020-01-22,-0.0019253786363441217
2020-01-23,0.0
2020-01-24,0.0
2020-01-27,-0.024024630682899173
2020-01-28,-0.007272742687637446
2020-01-29,-0.01266224621033718
2020-01-30,-0.01579468435253495
2020-01-31,-0.04805705920711245
2020-02-03,-0.04209949838788252
2020-02-04,-0.02739852316062319
2020-02-05,-0.008767543303840664
2020-02-06,-0.0056022012458156745
2020-02-07,-0.012644593201729615
2020-02-10,-0.010121180919203332
2020-02-11,0.0
2020-02-12,0.0
2020-02-13,0.0
2020-02-14,-0.005465108108365202
2020-02-18,0.0
2020-02-19,0.0
2020-02-20,0.0
2020-02-21,-0.01953060563580189
2020-02-24,-0.06730749410353432
2020-02-25,-0.09168433702981926
2020-02-26,-0.10012860601933371
2020-02-27,-0.13663273335732795
2020-02-28,-0.1416517532215299
2020-03-02,-0.1170288012627213
2020-03-03,-0.14844197859025265
2020-03-04,-0.1348448893244687
2020-03-05,-0.1792371577651678
2020-03-06,-0.20113884182184139
2020-03-09,-0.27602053904854684
2020-03-10,-0.23232878505293142
2020-03-11,-0.27246927819281663
2020-03-12,-0.35791204319922454
2020-03-13,-0.2833536555093271
2020-03-16,-0.38753979891165213
2020-03-17,-0.3416657256306247
2020-03-18,-0.3916818048437327
2020-03-19,-0.35360922480043044
2020-03-20,-0.385537173903007
2020-03-23,-0.3808867556227328
2020-03-24,-0.31731775556119723
2020-03-25,-0.2771211347613485
2020-03-26,-0.23926993767574145
2020-03-27,-0.26140412954301073
2020-03-30,-0.24708188684430143
2020-03-31,-0.2522231317704896
2020-04-01,-0.2574612374795512
2020-04-02,-0.26093609526156325
2020-04-03,-0.27116997290700795
2020-04-06,-0.1955676420116017
2020-04-07,-0.1841445883168179
2020-04-08,-0.13887360458704878
2020-04-09,-0.11739293943402063
2020-04-13,-0.1280567341340364
2020-04-14,-0.10677459517495047
2020-04-15,-0.12563155455283348
2020-04-16,-0.11789323153733033
2020-04-17,-0.057725413742948706
2020-04-20,-0.08090525925649639
2020-04-21,-0.1132815175952332
2020-04-22,-0.09535740955357008
2020-04-23,-0.10350150328252472
2020-04-24,-0.09012077540585739
2020-04-27,-0.07708993719418678
2020-04-28,-0.07663315939893511
2020-04-29,-0.033297031179925995
2020-04-30,-0.03780667900243617
2020-05-01,-0.060381176258569424
2020-05-04,-0.04744447039894539
2020-05-05,-0.04946315882793806
2020-05-06,-0.06061499753352051
2020-05-07,-0.06255504540101331
2020-05-08,-0.052778756594882625
2020-05-11,-0.026349634112258324
2020-05-12,-0.03680559438716524
2020-05-13,-0.04653393676154449
2020-05-14,-0.0358437093059526
2020-05-15,-0.032991915816465656
2020-05-18,0.0
2020-05-19,-0.007420991429510915
2020-05-20,0.0
2020-05-21,-0.0053228175082086215
2020-05-22,-0.008983846036365373
2020-05-26,0.0
2020-05-27,0.0
2020-05-28,-0.03167100677887347
2020-05-29,-0.03158732970522293
2020-06-01,-0.024711340076724486
2020-06-02,-0.009865962034686149
2020-06-03,-0.008293350148924183
2020-06-04,-0.003961768565385881
2020-06-05,0.0
2020-06-08,0.0
2020-06-09,-0.010246899544908983
2020-06-10,0.0
2020-06-11,-0.04003237682425442
2020-06-12,-0.020097135208900774
2020-06-15,-0.010029590977009173
2020-06-16,0.0
2020-06-17,-0.0008296558500984208
2020-06-18,0.0
2020-06-19,0.0
2020-06-22,0.0
2020-06-23,-0.0018558454167710847
2020-06-24,-0.03631121167347218
2020-06-25,-0.020590688349909958
2020-06-26,-0.03339306128785824
2020-06-29,-0.024941677930351402
2020-06-30,-0.001469446586674139
2020-07-01,0.0
2020-07-02,0.0
2020-07-06,0.0
2020-07-07,-0.003901829033082227
2020-07-08,-0.0027213969721312514
2020-07-09,-0.0031892310876364682
2020-07-10,0.0
2020-07-13,0.0
2020-07-14,0.0
2020-07-15,0.0
2020-07-16,-0.0053640894350281965
2020-07-17,-0.005810734103772308
2020-07-20,0.0
2020-07-21,-0.0031713959788879365
2020-07-22,0.0
2020-07-23,-0.002424354157735009
2020-07-24,-0.008290718193214697
2020-07-27,0.0
2020-07-28,-0.008816759147314723
2020-07-29,-0.005062986399146707
2020-07-30,-0.01099269246729584
2020-07-31,-0.0037937888064198955
2020-08-03,0.0
2020-08-04,-0.0010478180290217631
2020-08-05,0.0
2020-08-06,0.0
2020-08-07,-0.00490187110867224
2020-08-10,-0.0131954757030045
2020-08-11,-0.021780786147975295
2020-08-12,-0.0030397307232387094
2020-08-13,-0.0008010833500741166
2020-08-14,-0.00305321721319074
2020-08-17,0.0
2020-08-18,0.0
2020-08-19,-0.0033516848528252208
2020-08-20,0.0
2020-08-21,0.0
2020-08-24,0.0
2020-08-25,0.0
2020-08-26,0.0
2020-08-27,0.0
2020-08-28,-0.0009704347608017194
2020-08-31,0.0
2020-09-01,0.0
2020-09-02,-0.004021267092752634
2020-09-03,-0.022187283593389173
2020-09-04,-0.023046009807419
2020-09-08,-0.11154094842155937
2020-09-09,-0.06171260210712093
2020-09-10,-0.07049486364184421
2020-09-11,-0.06873822759701165
2020-09-14,-0.027134914472438654
2020-09-15,0.0
2020-09-16,-0.011585148904817988
2020-09-17,-0.02726615773121699
2020-09-18,-0.023574671495354527
2020-09-21,-0.024235985342798028
2020-09-22,-0.01915761124024662
2020-09-23,-0.0506931038446069
2020-09-24,-0.04984343812215952
2020-09-25,-0.030946083281362502
2020-09-28,-0.015382734480316462
2020-09-29,-0.01719999036005493
2020-09-30,-0.0014651238815348577
2020-10-01,0.0
2020-10-02,-0.010524997475615083
2020-10-05,0.0
2020-10-06,-0.006391084173147377
2020-10-07,0.0
2020-10-08,0.0
2020-10-09,0.0
2020-10-12,0.0
2020-10-13,0.0
2020-10-14,0.0
2020-10-15,-0.016248601611729807
2020-10-16,-0.023517797996077894
2020-10-19,-0.04222992670803283
2020-10-20,-0.046772519319956296
2020-10-21,-0.05040230725310668
2020-10-22,-0.04353269881719801
2020-10-23,-0.041306924416901314
2020-10-26,-0.0616967947448922
2020-10-27,-0.07245848409194378
2020-10-28,-0.10141032214906465
2020-10-29,-0.0917197955932787
2020-10-30,-0.09294273508662876
2020-11-02,-0.08186046386111756
2020-11-03,-0.07297585147032226
2020-11-04,-0.04554915912955648
2020-11-05,-0.02975509611431193
2020-11-06,-0.027192028537952995
2020-11-09,-0.02963869935885277
2020-11-10,-0.03485754873358826
2020-11-11,-0.017017852545138434
2020-11-12,-0.019067150190536064
2020-11-13,-0.010663298761845352
2020-11-16,-0.01360237345459192
2020-11-17,-0.019548413357328487
2020-11-18,-0.04739337551356482
2020-11-19,-0.04094527943192039
2020-11-20,-0.04042463980576083
2020-11-23,-0.04141093998122525
2020-11-24,-0.036868114568382127
2020-11-25,-0.03324471184256461
2020-11-27,-0.030496632535141233
2020-11-30,-0.025106062275782715
2020-12-01,-0.028336148505112235
2020-12-02,-0.023414107939136564
2020-12-03,-0.006418065535344852
2020-12-04,0.0
2020-12-07,-0.00886625082932102
2020-12-08,-0.006402707589519996
2020-12-09,-0.013069949043010731
2020-12-10,-0.004924452988565586
2020-12-11,-0.007461314145518205
2020-12-14,-0.008133113272237202
2020-12-15,0.0
2020-12-16,0.0
2020-12-17,0.0
2020-12-18,-0.006417927398503442
2020-12-21,-0.009805356256300413
2020-12-22,-0.010271907135669278
2020-12-23,-0.012790354573778306
2020-12-24,-0.008036337618105405
2020-12-28,-0.009907352556147164
2020-12-29,-0.011313536010140623
2020-12-30,-0.008292480565206484
2020-12-31,-0.0019588836020391076
2021-01-04,-0.011430378288054488
2021-01-05,-0.006596118012734409
2021-01-06,-0.0017552572316728021
2021-01-07,0.0
2021-01-08,0.0
2021-01-11,-0.003407856795189401
2021-01-12,-0.004424995557250955
2021-01-13,0.0
2021-01-14,-0.0006274981894697218
2021-01-15,-0.0031223031326609307
2021-01-19,0.0
2021-01-20,0.0
2021-01-21,-0.0018112899585325248
2021-01-22,-0.010054189265837343
2021-01-25,-0.0049387721821154695
2021-01-26,0.0
2021-01-27,0.0
2021-01-28,0.0
2021-01-29,-0.034942966673513376
2021-02-01,-0.027209876786948084
2021-02-02,-0.01757492802531402
2021-02-03,-0.01154433956099421
2021-02-04,0.0
2021-02-05,0.0
2021-02-08,0.0
2021-02-09,0.0
2021-02-10,-0.012284026979002438
2021-02-11,-0.008456084431621935
2021-02-12,0.0
2021-02-16,-0.006816717720378507
2021-02-17,-0.010538975453137311
2021-02-18,-0.02001819166388552
2021-02-19,-0.02569521402310604
2021-02-22,-0.045828427613732625
2021-02-23,-0.053262863132396254
2021-02-24,-0.03305398753583766
2021-02-25,-0.061546628322344143
2021-02-26,-0.05981932309987792
2021-03-01,-0.03872298755814818
2021-03-02,-0.028293284807475616
2021-03-03,-0.049600660854075995
2021-03-04,-0.0699938133779261
2021-03-05,-0.05536172740007239
2021-03-08,-0.06757221953671999
2021-03-09,-0.04405606094957304
2021-03-10,-0.05094471879792273
2021-03-11,-0.02254238767569028
2021-03-12,-0.011216269313988336
2021-03-15,0.0
2021-03-16,-0.005350517607247585
2021-03-17,0.0
2021-03-18,-0.021810580909020882
2021-03-19,-0.013511265698246455
2021-03-22,-0.015310331754245232
2021-03-23,-0.029844484703525853
2021-03-24,-0.031187486123431807
2021-03-25,-0.015725002539304977
2021-03-26,0.0
2021-03-29,-0.00358961171052119
2021-03-30,0.0
2021-03-31,-0.0090186598195513
2021-04-01,-0.0006722375118545232
2021-04-05,0.0
2021-04-06,0.0
2021-04-07,-0.0011290081822318276
2021-04-08,0.0
2021-04-09,0.0
2021-04-12,-0.0005720832035808199
2021-04-13,-0.0020380894333970057
2021-04-14,0.0
2021-04-15,0.0
2021-04-16,0.0
2021-04-19,0.0
2021-04-20,-0.003291281131453494
2021-04-21,0.0
2021-04-22,-0.007214151219340548
2021-04-23,0.0
2021-04-26,0.0
2021-04-27,0.0
2021-04-28,0.0
2021-04-29,0.0
2021-04-30,0.0
2021-05-03,0.0
2021-05-04,-0.002209587626623266
2021-05-05,0.0
2021-05-06,0.0
2021-05-07,0.0
2021-05-10,-0.01046108946178359
2021-05-11,-0.013778868956312307
2021-05-12,-0.0361135059300155
2021-05-13,-0.02403455176583713
2021-05-14,-0.009563825258470104
2021-05-17,-0.012384228414016096
2021-05-18,-0.022175502467868258
2021-05-19,-0.02152289558626841
2021-05-20,-0.005021422149714794
2021-05-21,-0.00371049847834537
2021-05-24,-0.001709964600727809
2021-05-25,0.0
2021-05-26,0.0
2021-05-27,0.0
2021-05-28,0.0
2021-06-01,-0.005953807365636887
2021-06-02,-0.004989327985998826
2021-06-03,-0.0024487056164964605
2021-06-04,-0.0005266766683401647
2021-06-07,0.0
2021-06-08,-0.00463818113940595
2021-06-09,-0.004021330566215231
2021-06-10,-0.0005898186060377952
2021-06-11,0.0
2021-06-14,0.0
2021-06-15,-0.004606226454277884
2021-06-16,-0.009483974573378018
2021-06-17,-0.0032261919784208892
2021-06-18,-0.01681412170927299
2021-06-21,0.0
2021-06-22,0.0
2021-06-23,-0.003396274699472679
2021-06-24,-0.0028173791365558865
2021-06-25,0.0
2021-06-28,-0.0009797841967017495
2021-06-29,-0.0012416689984504625
2021-06-30,-0.0007148781413143235
2021-07-01,0.0
2021-07-02,0.0
2021-07-06,-0.001882714515340389
2021-07-07,0.0
2021-07-08,0.0
2021-07-09,0.0
2021-07-12,-0.00020888425155662915
2021-07-13,-0.018611621530031264
2021-07-14,-0.02139904355915767
2021-07-15,-0.030356351558135652
2021-07-16,-0.03786864393995304
2021-07-19,-0.06295578159886106
2021-07-20,-0.027903356011574343
2021-07-21,-0.008383566454412295
2021-07-22,-0.020710427964694134
2021-07-23,-0.02194998875534826
2021-07-26,-0.006079680738154347
2021-07-27,-0.016599300766576564
2021-07-28,0.0
2021-07-29,0.0
2021-07-30,-0.015451135582016162
2021-08-02,-0.01781171256021774
2021-08-03,-0.004106446945927655
2021-08-04,-0.017455134824031937
2021-08-05,-0.003277546138222842
2021-08-06,0.0
2021-08-09,-0.007392192812162746
2021-08-10,-0.002783792423848852
2021-08-11,0.0
2021-08-12,-0.0026403509865832175
2021-08-13,-0.006616237463817676
2021-08-16,-0.013446362297727332
2021-08-17,-0.016784385591315565
2021-08-18,-0.017804725244611852
2021-08-19,-0.035951999829257786
2021-08-20,-0.036261343271386415
2021-08-23,-0.01788588282726511
2021-08-24,-0.009515044993931299
2021-08-25,-0.009559681047512258
2021-08-26,-0.024821317982696267
2021-08-27,-0.009418857093406952
2021-08-30,-0.011727252343378125
2021-08-31,-0.01948535738813051
2021-09-01,-0.019369947087536477
2021-09-02,-0.02234480137506456
2021-09-03,-0.026076036993713414
2021-09-07,-0.03834037102824195
2021-09-08,-0.034724191377143
2021-09-09,-0.050756011203139884
2021-09-10,-0.05815348461614045
2021-09-13,-0.04881340408858259
2021-09-14,-0.05999085077140098
2021-09-15,-0.045663407533010236
2021-09-16,-0.045949116726686445
2021-09-17,-0.04852277903658864
2021-09-20,-0.054123422845158364
2021-09-21,-0.05499146405856936
2021-09-22,-0.05504513932633226
2021-09-23,-0.04085053369786751
2021-09-24,-0.042006778058341965
2021-09-27,-0.03509902893182615
2021-09-28,-0.042705847034389954
2021-09-29,-0.03658058452718427
2021-09-30,-0.04826431574015122
2021-10-01,-0.03772723885693585
2021-10-04,-0.0494256668692048
2021-10-05,-0.04101110046973433
2021-10-06,-0.039473520266319784
2021-10-07,-0.03277573904675424
2021-10-08,-0.037023250656859186
2021-10-11,-0.04251005653726947
2021-10-12,-0.04776088378019194
2021-10-13,-0.0502001422590741
2021-10-14,-0.03448371572273201
2021-10-15,-0.025426835142460358
2021-10-18,-0.020500754699148804
2021-10-19,-0.008966705653246643
2021-10-20,0.0
2021-10-21,-0.00616485097864472
2021-10-22,-0.001898806950396903
2021-10-25,-0.012122537639255748
2021-10-26,-0.012978271532542829
2021-10-27,-0.02242336469712336
2021-10-28,-0.020647026791951295
2021-10-29,-0.010823121901906818
2021-11-01,-0.011182547895391304
2021-11-02,-0.010456979553132184
2021-11-03,0.0
2021-11-04,-0.0067898857591540684
2021-11-05,0.0
2021-11-08,0.0
2021-11-09,-0.0009970890198757187
2021-11-10,-0.00023872217831211184
2021-11-11,0.0
2021-11-12,0.0
2021-11-15,-0.0008342142483462878
2021-11-16,0.0
2021-11-17,-0.010262051617569656
2021-11-18,-0.013078048846872692
2021-11-19,-0.023398438319041315
2021-11-22,-0.014301835470067137
2021-11-23,-0.00816487819040801
2021-11-24,-0.009162320929226198
2021-11-26,-0.0391239240186666
2021-11-29,-0.03698108001254641
2021-11-30,-0.06260075860870551
2021-12-01,-0.08249597750641258
2021-12-02,-0.058849456770436626
2021-12-03,-0.0696085708202927
2021-12-06,-0.06770052542485494
2021-12-07,-0.0466362252500403
2021-12-08,-0.051670397088581455
2021-12-09,-0.06510889847287249
2021-12-10,-0.05135307329372307
2021-12-13,-0.05724178540677216
2021-12-14,-0.05929610183056577
2021-12-15,-0.00952315105728263
2021-12-16,-0.02034934897502627
2021-12-17,-0.034207875928483955
2021-12-20,-0.039288592311220505
2021-12-21,-0.03051272082384815
2021-12-22,-0.022147930982489683
2021-12-23,-0.014056312041259678
2021-12-27,0.0
2021-12-28,-0.007333379026500331
2021-12-29,-0.01054326012317841
2021-12-30,-0.014604268501721585
2021-12-31,-0.014774287998703395
2022-01-03,-0.011139126109546704
2022-01-04,-0.024420286943851788
2022-01-05,-0.0347061676828595
2022-01-06,-0.03668211585014369
2022-01-07,-0.054047856973203245
2022-01-10,-0.03412703723148813
2022-01-11,-0.03211349652854856
2022-01-12,-0.026848642414298962
2022-01-13,-0.06087882301109848
2022-01-14,-0.06689610156945103
2022-01-18,-0.08105334101417916
2022-01-19,-0.0846463200694294
2022-01-20,-0.09646200381728953
2022-01-21,-0.10986582185598148
2022-01-24,-0.1089971500167024
2022-01-25,-0.12893578587071708
2022-01-26,-0.1322149919486284
2022-01-27,-0.14490629464639393
2022-01-28,-0.1259068677597569
2022-01-31,-0.08889929194032054
2022-02-01,-0.0786967588698333
2022-02-02,-0.05864048995616589
2022-02-03,-0.08063799105867564
2022-02-04,-0.07978062044885137
2022-02-07,-0.09757373981974826
2022-02-08,-0.10608172819201156
2022-02-09,-0.07429749214861969
2022-02-10,-0.08918666518675433
2022-02-11,-0.11507462500190402
2022-02-14,-0.12306748084281405
2022-02-15,-0.10246385137961567
2022-02-16,-0.11251534436479615
2022-02-17,-0.14078878231470526
2022-02-18,-0.1347416069682177
2022-02-22,-0.15055089217101136
2022-02-23,-0.17201760682839085
2022-02-24,-0.1623228640458657
2022-02-25,-0.14330897405004428
2022-02-28,-0.14041009949661043
2022-03-01,-0.16187059886366617
2022-03-02,-0.1487208559938964
2022-03-03,-0.1600737555361864
2022-03-04,-0.16986568034317617
2022-03-07,-0.20473197652551167
2022-03-08,-0.1982052427564246
2022-03-09,-0.17426270517036702
2022-03-10,-0.17935161341283323
2022-03-11,-0.17979417602520686
2022-03-14,-0.17429833344191448
2022-03-15,-0.16459428816743482
2022-03-16,-0.1548455515582322
2022-03-17,-0.14708994368290684
2022-03-18,-0.14367371239596793
2022-03-21,-0.13016817652123902
2022-03-22,-0.1304098074928529
2022-03-23,-0.12806711958296912
2022-03-24,-0.12704741580404577
2022-03-25,-0.11962397353823939
2022-03-28,-0.1293723391752356
2022-03-29,-0.13116699666529563
2022-03-30,-0.12549745983630445
2022-03-31,-0.12549745983630445
2022-04-01,-0.13244441558901943
2022-04-04,-0.1254072534339863
2022-04-05,-0.139629889119816
2022-04-06,-0.1494429890054466
2022-04-07,-0.14549430519329565
2022-04-08,-0.15152381891952316
2022-04-11,-0.16565034148193125
2022-04-12,-0.17632456246352568
2022-04-13,-0.16180836249946184
2022-04-14,-0.1802638277201144
2022-04-18,-0.18652913266082516
2022-04-19,-0.18039283166561693
2022-04-20,-0.17994794840201267
2022-04-21,-0.1917904379401596
2022-04-22,-0.209190394059522
2022-04-25,-0.2122616098955845
2022-04-26,-0.2371596581006975
2022-04-27,-0.2489569414976236
2022-04-28,-0.2147801683836591
2022-04-29,-0.24617778912158372
2022-05-02,-0.22929724039203958
2022-05-03,-0.22346495162943159
2022-05-04,-0.20011934248631924
2022-05-05,-0.22984036140896535
2022-05-06,-0.22739815173553568
2022-05-09,-0.2537907115000181
2022-05-10,-0.2586554816065363
2022-05-11,-0.2776605381274888
2022-05-12,-0.2727759081562139
2022-05-13,-0.23850050110961096
2022-05-16,-0.24806839124092672
2022-05-17,-0.2369495985654041
2022-05-18,-0.2540885274489786
2022-05-19,-0.2681797538545164
2022-05-20,-0.26437172725209246
2022-05-23,-0.2506895564114574
2022-05-24,-0.24484846171866592
2022-05-25,-0.24019867169751963
2022-05-26,-0.22118732590863044
2022-05-27,-0.21845939147718507
2022-05-31,-0.21845939147718507
2022-06-01,-0.21845939147718507
2022-06-02,-0.21845939147718507
2022-06-03,-0.21845939147718507
2022-06-06,-0.21845939147718507
2022-06-07,-0.21845939147718507
2022-06-08,-0.21845939147718507
2022-06-09,-0.21845939147718507
2022-06-10,-0.21845939147718507
2022-06-13,-0.2191535783684716
2022-06-14,-0.22721344485645523
2022-06-15,-0.20695900885473262
2022-06-16,-0.2307617767717287
2022-06-17,-0.21955556311217772
2022-06-21,-0.21306644470153768
2022-06-22,-0.21190748662122116
2022-06-23,-0.21442823227954166
2022-06-24,-0.20670305506244369
2022-06-27,-0.20592801373763903
2022-06-28,-0.20210649981706175
2022-06-29,-0.21312269224901403
2022-06-30,-0.21530054092647344
2022-07-01,-0.21530054092647344
2022-07-05,-0.21530054092647344
2022-07-06,-0.21530054092647344
2022-07-07,-0.21530054092647344
2022-07-08,-0.21530054092647344
2022-07-11,-0.21530054092647344
2022-07-12,-0.21530054092647344
2022-07-13,-0.2105279726271203
2022-07-14,-0.21181786067970132
2022-07-15,-0.20131962184612207
2022-07-18,-0.2076830622825232
2022-07-19,-0.2010902980875262
2022-07-20,-0.18617778711670085
2022-07-21,-0.18617778711670085
2022-07-22,-0.18617778711670085
2022-07-25,-0.18617778711670085
2022-07-26,-0.18617778711670085
2022-07-27,-0.18617778711670085
2022-07-28,-0.18617778711670085
2022-07-29,-0.18581226527617123
2022-08-01,-0.18739323124109875
2022-08-02,-0.18262912020178712
2022-08-03,-0.1695042940024788
2022-08-04,-0.1650498118771997
2022-08-05,-0.1665070246767395
2022-08-08,-0.1665070246767395
2022-08-09,-0.1665070246767395
2022-08-10,-0.1665070246767395
2022-08-11,-0.1665070246767395
2022-08-12,-0.1665070246767395
2022-08-15,-0.1665070246767395
2022-08-16,-0.1665070246767395
2022-08-17,-0.1665070246767395
2022-08-18,-0.1665070246767395
2022-08-19,-0.1665070246767395
2022-08-22,-0.1665070246767395
2022-08-23,-0.1665070246767395
2022-08-24,-0.1665070246767395
2022-08-25,-0.1665070246767395
2022-08-26,-0.1665070246767395
2022-08-29,-0.17054828461567784
2022-08-30,-0.17070660448797326
2022-08-31,-0.17206480895617793
2022-09-01,-0.17448957468421022
2022-09-02,-0.18698933784289185
2022-09-06,-0.1909160725159459
2022-09-07,-0.18538422637653273
2022-09-08,-0.1792525310331936
2022-09-09,-0.17043265868732094
2022-09-12,-0.16825546201724983
2022-09-13,-0.16825546201724983
2022-09-14,-0.16825546201724983
2022-09-15,-0.16825546201724983
2022-09-16,-0.1670265598639079
2022-09-19,-0.16497410183032746
2022-09-20,-0.181150482958239
2022-09-21,-0.1975561978924778
2022-09-22,-0.19840466066628326
2022-09-23,-0.21828879408374235
2022-09-26,-0.23755032630390938
2022-09-27,-0.24079398581563305
2022-09-28,-0.22843129690127795
2022-09-29,-0.23578897834726864
2022-09-30,-0.2480150434900361
2022-10-03,-0.22172040078410726
2022-10-04,-0.19338259670050684
2022-10-05,-0.19444893114651107
2022-10-06,-0.20343504402201962
2022-10-07,-0.23228239035045473
2022-10-10,-0.23346855183523807
2022-10-11,-0.24111778005440154
2022-10-12,-0.2325539148450958
2022-10-13,-0.21690502667991063
2022-10-14,-0.22027948013908816
2022-10-17,-0.20244012618476714
2022-10-18,-0.20124573161513803
2022-10-19,-0.1602767990154087
2022-10-20,-0.1595856401574105
2022-10-21,-0.1558685713568091
2022-10-24,-0.1509883853447178
2022-10-25,-0.1509883853447178
2022-10-26,-0.1509883853447178
2022-10-27,-0.1509883853447178
2022-10-28,-0.1522840815130876
2022-10-31,-0.175394198707003
2022-11-01,-0.18635766030839618
2022-11-02,-0.2159759392613394
2022-11-03,-0.23002597938558866
2022-11-04,-0.22314927313701982
2022-11-07,-0.21856212706670974
2022-11-08,-0.21208404305767137
2022-11-09,-0.24462151970573565
2022-11-10,-0.17049050190803605
2022-11-11,-0.15261442356370936
2022-11-14,-0.16763582936559418
2022-11-15,-0.16263107726083637
2022-11-16,-0.16263107726083637
2022-11-17,-0.16263107726083637
2022-11-18,-0.16263107726083637
2022-11-21,-0.16263107726083637
2022-11-22,-0.16025377610357816
2022-11-23,-0.13517889750987777
2022-11-25,-0.13582038518495465
2022-11-28,-0.13570718486458833
2022-11-29,-0.13965048290135762
2022-11-30,-0.11351902153717552
2022-12-01,-0.11351902153717552
2022-12-02,-0.11351902153717552
2022-12-05,-0.11351902153717552
2022-12-06,-0.11214853208369546
2022-12-07,-0.11922944796022705
2022-12-08,-0.12011770894192753
2022-12-09,-0.11763052397660012
2022-12-12,-0.11255461416304802
2022-12-13,-0.10623512038657845
2022-12-14,-0.10623512038657845
2022-12-15,-0.11834613438670949
2022-12-16,-0.12719688835911724
2022-12-19,-0.125942931891867
2022-12-20,-0.12267222360879193
2022-12-21,-0.11436266056840882
2022-12-22,-0.1409627389611684
2022-12-23,-0.1449664348596379
2022-12-27,-0.18351773769984425
2022-12-28,-0.1810488718014588
2022-12-29,-0.13879916733525743
2022-12-30,-0.13890618180522896
2023-01-03,-0.1423457777704652
2023-01-04,-0.12163483111955486
2023-01-05,-0.1399002952627929
2023-01-06,-0.13177721456109603
2023-01-09,-0.1117383029398018
2023-01-10,-0.1144858088287235
2023-01-11,-0.10149485018718496
2023-01-12,-0.10149485018718496
2023-01-13,-0.10149485018718496
2023-01-17,-0.10149485018718496
2023-01-18,-0.10149485018718496
2023-01-19,-0.10149485018718496
2023-01-20,-0.10149485018718496
2023-01-23,-0.10149485018718496
2023-01-24,-0.10149485018718496
2023-01-25,-0.10149485018718496
2023-01-26,-0.10149485018718496
2023-01-27,-0.10149485018718496
2023-01-30,-0.10149485018718496
2023-01-31,-0.10149485018718496
2023-02-01,-0.10149485018718496
2023-02-02,-0.10823563998073849
2023-02-03,-0.1104937559526652
2023-02-06,-0.10929774649009749
2023-02-07,-0.08661878546066626
2023-02-08,-0.10142815485350798
2023-02-09,-0.10796819721586559
2023-02-10,-0.08608227344592345
2023-02-13,-0.0924183658177975
2023-02-14,-0.08838906995913687
2023-02-15,-0.10250895320560272
2023-02-16,-0.11677423574861234
2023-02-17,-0.1372897404532365
2023-02-21,-0.14598572536644105
2023-02-22,-0.14863074303910118
2023-02-23,-0.13812812101061156
2023-02-24,-0.14076525343561985
2023-02-27,-0.13773812089509707
2023-02-28,-0.14589735751092425
2023-03-01,-0.1391162396239115
2023-03-02,-0.13313986293503588
2023-03-03,-0.12200163840360334
2023-03-06,-0.12208145275023796
2023-03-07,-0.12051105509228888
2023-03-08,-0.1262249517998837
2023-03-09,-0.1627018799830685
2023-03-10,-0.172484161830475
2023-03-13,-0.19423257593580312
2023-03-14,-0.16517292907588677
2023-03-15,-0.1837339223329405
2023-03-16,-0.16453201360775072
2023-03-17,-0.19235228456621034
2023-03-20,-0.1812486225546699
2023-03-21,-0.14138790596343398
2023-03-22,-0.1728997019426909
2023-03-23,-0.1683979527295535
2023-03-24,-0.1661489471382891
2023-03-27,-0.1595973997053688
2023-03-28,-0.16592213335143835
2023-03-29,-0.1478339412849542
2023-03-30,-0.14716038867485315
2023-03-31,-0.13900071056959584
2023-04-03,-0.13773913992893938
2023-04-04,-0.14958259786360328
2023-04-05,-0.14786336549355505
2023-04-06,-0.14194938849303995
2023-04-10,-0.136513223782467
2023-04-11,-0.13046318590975048
2023-04-12,-0.1399103627620385
2023-04-13,-0.1205074191117862
2023-04-14,-0.12866002844495183
2023-04-17,-0.12800543419536026
2023-04-18,-0.13029652923305857
2023-04-19,-0.14657566100948405
2023-04-20,-0.17714067185619176
2023-04-21,-0.16924430377251332
2023-04-24,-0.1779202774262354
2023-04-25,-0.1917093731511227
2023-04-26,-0.19774386470850058
2023-04-27,-0.17968325226871684
2023-04-28,-0.16593555806913451
2023-05-01,-0.17835235371057667
2023-05-02,-0.1997181514633054
2023-05-03,-0.20162892127035537
2023-05-04,-0.2040043489220701
2023-05-05,-0.18603361235654226
2023-05-08,-0.18011218722864908
2023-05-09,-0.17575792429434856
2023-05-10,-0.1884578726268854
2023-05-11,-0.17818731866018733
2023-05-12,-0.19203620100326613
2023-05-15,-0.18552994831874925
2023-05-16,-0.20267219406435033
2023-05-17,-0.1893820793886154
2023-05-18,-0.18482481998867606
2023-05-19,-0.19747340044270434
2023-05-22,-0.18848612489937477
2023-05-23,-0.20389892624198624
2023-05-24,-0.20835153641701998
2023-05-25,-0.21291205668145652
2023-05-26,-0.20852474416608036
2023-05-30,-0.2108242690162997
2023-05-31,-0.20722651998419495
2023-06-01,-0.2092639872854749
2023-06-02,-0.20645174379894604
2023-06-05,-0.20312953088803687
2023-06-06,-0.20422841144422554
2023-06-07,-0.20522636498440439
2023-06-08,-0.19252525787046448
2023-06-09,-0.18789335155530174
2023-06-12,-0.1846812435204369
2023-06-13,-0.18999754153403448
2023-06-14,-0.1931070284724168
2023-06-15,-0.1726811548308781
2023-06-16,-0.18219642164987027
2023-06-20,-0.17927843529517418
2023-06-21,-0.18070059549851014
2023-06-22,-0.17332556154043544
2023-06-23,-0.17540476084674683
2023-06-26,-0.17634562739360704
2023-06-27,-0.1659229245322733
2023-06-28,-0.16409037813936211
2023-06-29,-0.16352376778844124
2023-06-30,-0.15736195016175558
2023-07-03,-0.15460549412504143
2023-07-05,-0.15662443089704103
2023-07-06,-0.1625312979991882
2023-07-07,-0.1637077882868313
2023-07-10,-0.15672618841011066
2023-07-11,-0.1557962856083711
2023-07-12,-0.15189879732141465
2023-07-13,-0.15756376655451076
2023-07-14,-0.14273422527389723
2023-07-17,-0.1426781453872995
2023-07-18,-0.13399654553949125
2023-07-19,-0.13038952421090377
2023-07-20,-0.12550375407612424
2023-07-21,-0.12905946792915912
2023-07-24,-0.13031136770622564
2023-07-25,-0.13344713981474166
2023-07-26,-0.1372752116654058
2023-07-27,-0.1361597391216931
2023-07-28,-0.13067869106179308
2023-07-31,-0.1353857760854904
2023-08-01,-0.13483873230668864
2023-08-02,-0.14191334486992901
2023-08-03,-0.1480618030847327
2023-08-04,-0.14997076601552906
2023-08-07,-0.14205275417644925
2023-08-08,-0.0676592526040054
2023-08-09,-0.06713576317343839
2023-08-10,-0.07069079750461127
2023-08-11,-0.08101331262798661
2023-08-14,-0.04643080082332751
2023-08-15,-0.05439738047969356
2023-08-16,-0.06684763598077437
2023-08-17,-0.06989181871922423
2023-08-18,-0.06976626240561923
2023-08-21,-0.03208825151791683
2023-08-22,-0.05075431271515318
2023-08-23,-0.02700792408063668
2023-08-24,-0.03882434943902757
2023-08-25,-0.046702402013087285
2023-08-28,-0.03621140508116327
2023-08-29,-0.012807217844131746
2023-08-30,-0.00830639021012236
2023-08-31,-0.004650752091246879
2023-09-01,-0.010613580636047226
2023-09-05,-0.010810629861061849
2023-09-06,-0.014934846191126727
2023-09-07,-0.025782711990023244
2023-09-08,-0.02771549183862565
2023-09-11,-0.018304437622876146
2023-09-12,-0.014536166335777256
2023-09-13,-0.008667749661455337
2023-09-14,0.0
2023-09-15,-0.013733492532698843
2023-09-18,-0.007813055946337744
2023-09-19,-0.0176029250843851
2023-09-20,-0.032409598715475996
2023-09-21,-0.04745071483984431
2023-09-22,-0.048116613633737426
2023-09-25,-0.04674174342268822
2023-09-26,-0.05977902042866812
2023-09-27,-0.05305071979044362
2023-09-28,-0.0510191032679016
2023-09-29,-0.05183481921748012
2023-10-02,-0.0623441576538557
2023-10-03,-0.07448911355836729
2023-10-04,-0.07715190083300483
2023-10-05,-0.07509315830260332
2023-10-06,-0.057146448000031436
2023-10-09,-0.0413623765353337
2023-10-10,-0.03656660615889795
2023-10-11,-0.03257086081536553
2023-10-12,-0.031404001603116294
2023-10-13,-0.010795416027714388
2023-10-16,-0.005737222432225075
2023-10-17,-0.0028672543409584694
2023-10-18,-0.0011078600963605467
2023-10-19,-0.005279154386534257
2023-10-20,-0.024844608398730705
2023-10-23,-0.027057242524436753
2023-10-24,-0.022045511612902136
2023-10-25,-0.04086176490331295
2023-10-26,-0.06179644530006101
2023-10-27,-0.06480533613084827
2023-10-30,-0.05781719132471974
2023-10-31,-0.05239792523769937
2023-11-01,-0.05790409959999787
2023-11-02,-0.030913414242917825
2023-11-03,-0.024604483575582536
2023-11-06,-0.027310964010661465
2023-11-07,-0.030284037986009538
2023-11-08,-0.031194969508968273
2023-11-09,-0.046739315714221075
2023-11-10,-0.03786247148237598
2023-11-13,-0.03849991984363377
2023-11-14,-0.024875542426217256
2023-11-15,-0.025923204304568515
2023-11-16,-0.03198195346407173
2023-11-17,-0.02592741663543008
2023-11-20,-0.019765325712666648
2023-11-21,-0.028038393800413397
2023-11-22,-0.024150785813791154
2023-11-24,-0.022466576187980203
2023-11-27,-0.026047233956812965
2023-11-28,-0.026624142600729095
2023-11-29,-0.02679911266490531
2023-11-30,-0.03623697173046603
2023-12-01,-0.03427736080089405
2023-12-04,-0.0466561272179038
2023-12-05,-0.04335210249088117
2023-12-06,-0.05723373924314201
2023-12-07,-0.03792506850146138
2023-12-08,-0.021436781689946782
2023-12-11,0.0
2023-12-12,0.0
2023-12-13,0.0
2023-12-14,0.0
2023-12-15,0.0
2023-12-18,0.0
2023-12-19,0.0
2023-12-20,-0.01983252328841667
2023-12-21,-0.006500376387069129
2023-12-22,-0.011140364551935122
2023-12-26,-0.0033715690600787385
2023-12-27,-0.002816723206802485
2023-12-28,-0.0037386526874090276
2023-12-29,-0.009261915647425845
2024-01-02,-0.020574398775665914
2024-01-03,-0.020715844057051847
2024-01-04,-0.015044617226691814
2024-01-05,-0.009786903545648262
2024-01-08,0.0
2024-01-09,0.0
2024-01-10,0.0
2024-01-11,0.0
2024-01-12,-0.005858156099543432
2024-01-16,-0.0014599528228782521
2024-01-17,-0.007197289589835898
2024-01-18,0.0
2024-01-19,0.0
2024-01-22,-0.0031632988023039266
2024-01-23,0.0
2024-01-24,0.0
2024-01-25,-0.005268620014910463
2024-01-26,-0.007047235548047204
2024-01-29,0.0
2024-01-30,-0.011007944145974058
2024-01-31,-0.023381241620250126
2024-02-01,-0.007333124722243345
2024-02-02,0.0
2024-02-05,-0.01308584647875688
2024-02-06,-0.015405081836857515
2024-02-07,-0.007253403148376303
2024-02-08,-0.008861320274324624
2024-02-09,0.0
2024-02-12,0.0
2024-02-13,-0.014889503764831669
2024-02-14,-0.010566134373005909
2024-02-15,0.0
2024-02-16,-0.005832357814627542
2024-02-20,-0.00926214016939697
2024-02-21,-0.007535490529592681
2024-02-22,-0.0015290134282145429
2024-02-23,0.0
2024-02-26,-0.0057790793419741915
2024-02-27,-0.0018360675719626407
2024-02-28,-0.0026561860119693748
2024-02-29,0.0
2024-03-01,0.0
2024-03-04,0.0
2024-03-05,-0.002298741704612306
2024-03-06,0.0
2024-03-07,0.0
2024-03-08,-0.0038616153242488904
2024-03-11,0.0
2024-03-12,0.0
2024-03-13,-0.0235026890455462
2024-03-14,-0.026698594266176157
2024-03-15,-0.056689433543471335
2024-03-18,-0.04588399571123303
2024-03-19,-0.0452419562770906
2024-03-20,-0.023834712145296644
2024-03-21,0.0
2024-03-22,-0.00118402347671831
2024-03-25,-0.004275435329155419
2024-03-26,-0.010013253512167752
2024-03-27,-0.00961360698631153
2024-03-28,-0.005725352058269517
2024-04-01,0.0
2024-04-02,-0.00836457146405245
2024-04-03,0.0
2024-04-04,-0.023995753445378853
2024-04-05,-0.010190845530008708
2024-04-08,-0.012306026690739325
2024-04-09,-0.008807765784479948
2024-04-10,-0.01502478190451162
2024-04-11,-0.013649807805134362
2024-04-12,-0.0184088602990492
2024-04-15,-0.01538336167357679
2024-04-16,-0.000734241351469711
2024-04-17,-0.0014425217516245148
2024-04-18,-0.0017870462429504519
2024-04-19,0.0
2024-04-22,0.0
2024-04-23,0.0
2024-04-24,-0.007471467144645971
2024-04-25,-0.01416893515747597
2024-04-26,-0.012036674113836465
2024-04-29,-0.01689873851444923
2024-04-30,-0.031402089293636304
2024-05-01,-0.026724742361432963
2024-05-02,-0.014086166305355863
2024-05-03,-0.00120019351359546
2024-05-06,0.0
2024-05-07,0.0
2024-05-08,-0.0005932186180194199
2024-05-09,0.0
2024-05-10,-0.0006717715725340634
2024-05-13,0.0
2024-05-14,0.0
2024-05-15,0.0
2024-05-16,-0.00984826884712986
2024-05-17,-0.00984947453902596
2024-05-20,-0.008319561354476757
2024-05-21,-0.002357342604542012
2024-05-22,-0.005119439478865173
2024-05-23,0.0
2024-05-24,0.0
2024-05-28,0.0
2024-05-29,-0.02316008858798535
2024-05-30,-0.017960883855370535
2024-05-31,-0.006327597680370722
2024-06-03,-0.025486026321709265
2024-06-04,-0.028193791771339183
2024-06-05,-0.014607844938465786
2024-06-06,-0.022807293176960175
2024-06-07,-0.019523469693138784
2024-06-10,-0.01576499467579129
2024-06-11,-0.029959064913963385
2024-06-12,-0.024715259306422155
2024-06-13,-0.024083483138654493
2024-06-14,-0.028408997566368277
2024-06-17,-0.03198149642361925
2024-06-18,-0.035604523375742714
2024-06-20,-0.04014964636886753
2024-06-21,-0.02858433138904759
2024-06-24,-0.03333758734840653
2024-06-25,-0.027433177410300158
2024-06-26,-0.03573069779828464
2024-06-27,-0.04118335928199823
2024-06-28,-0.04546872350209863
2024-07-01,-0.051303061475113654
2024-07-02,-0.05551505564667003
2024-07-03,-0.044134619199504455
2024-07-05,-0.04594944603855844
2024-07-08,-0.04860524392769516
2024-07-09,-0.04512446300355899
2024-07-10,-0.03549164682193695
2024-07-11,-0.034897502971995786
2024-07-12,-0.0298205317092598
2024-07-15,-0.03259892348587701
2024-07-16,-0.022701605853024387
2024-07-17,-0.04517780776998703
2024-07-18,-0.048611676568778295
2024-07-19,-0.057461304836136984
2024-07-22,-0.03299017848067576
2024-07-23,-0.028417409487430323
2024-07-24,-0.07482765655461254
2024-07-25,-0.06270918995342323
2024-07-26,-0.051137959811920375
2024-07-29,-0.06007368227102661
2024-07-30,-0.07202309947484453
2024-07-31,-0.04247024409695421
2024-08-01,-0.06627255526270581
2024-08-02,-0.08871612679889096
2024-08-05,-0.10199599202253518
2024-08-06,-0.08900508686699338
2024-08-07,-0.09698157741142599
2024-08-08,-0.07282330039476037
2024-08-09,-0.06924454618447617
2024-08-12,-0.07215040901188974
2024-08-13,-0.05662568108967725
2024-08-14,-0.04704469776715814
2024-08-15,-0.03418776581327709
2024-08-16,-0.03231266810075528
2024-08-19,-0.0291880505545854
2024-08-20,-0.03075409464275658
2024-08-21,-0.032342642904915064
2024-08-22,-0.027103271086333258
2024-08-23,-0.015412501655845734
2024-08-26,-0.002616973129414002
2024-08-27,-0.007924882817909151
2024-08-28,-0.013740660406387217
2024-08-29,-0.0033122342271652006
2024-08-30,-0.0005645861296752486
2024-09-03,-0.017893216702691395
2024-09-04,-0.02292340963160311
2024-09-05,-0.02964033439181446
2024-09-06,-0.03932644597164581
2024-09-09,-0.024395054457045928
2024-09-10,-0.04531479366164781
2024-09-11,-0.045011147075234015
2024-09-12,-0.03647656713951053
2024-09-13,-0.03765857384303861
2024-09-16,-0.025325396756270546
2024-09-17,-0.015780414938839193
2024-09-18,-0.01581959782833453
2024-09-19,-0.001674573011135827
2024-09-20,-0.005087696068793002
2024-09-23,-9.721032003373598e-05
2024-09-24,0.0
2024-09-25,-0.007661024862924304
2024-09-26,-0.0006557650349650057
2024-09-27,0.0
2024-09-30,0.0
2024-10-01,-0.01532620587539435
2024-10-02,-0.017704759528705538
2024-10-03,-0.027602447495082005
2024-10-04,-0.016141122959140275
2024-10-07,-0.02078975180774445
2024-10-08,-0.016230682957415365
2024-10-09,-0.0027733006248112924
2024-10-10,-0.004367101346953728
2024-10-11,-0.0001659430907409165
2024-10-14,0.0
2024-10-15,-0.002912761960373711
2024-10-16,0.0
2024-10-17,-0.004424307682255324
2024-10-18,0.0
2024-10-21,-0.001988761003940853
2024-10-22,-0.0029002035198889553
2024-10-23,-0.01208341832593729
2024-10-24,-0.012115638522001482
2024-10-25,-0.014787341565276946
2024-10-28,-0.01109816486906301
2024-10-29,-0.01637642719764687
2024-10-30,-0.01875205888058984
2024-10-31,-0.02749194800511945
2024-11-01,-0.030971668624336646
2024-11-04,-0.03280451275336149
2024-11-05,-0.01915119647099528
2024-11-06,0.0
2024-11-07,0.0
2024-11-08,0.0
2024-11-11,-0.0014331201835703355
2024-11-12,-0.014733926655624452
2024-11-13,-0.03231376375643902
2024-11-14,-0.03327805468496625
2024-11-15,-0.04920546265870185
2024-11-18,-0.03619900476089355
2024-11-19,-0.05102491030042111
2024-11-20,-0.055030652542577885
2024-11-21,-0.04934169903147634
2024-11-22,-0.03857072048523591
2024-11-25,-0.020428102407718307
2024-11-26,-0.03215509277413209
2024-11-27,-0.036299724741483574
2024-11-29,-0.02877018250728003
2024-12-02,-0.030666924628146464
2024-12-03,-0.043104202936233404
2024-12-04,-0.04055710682806224
2024-12-05,-0.05199945507792014
2024-12-06,-0.05889101515191264
2024-12-09,-0.05797640709632024
2024-12-10,-0.06373423042438753
2024-12-11,-0.07252640876373828
2024-12-12,-0.0856039792400538
2024-12-13,-0.08536894621985769
2024-12-16,-0.09875858874895893
2024-12-17,-0.11232213926737789
2024-12-18,-0.12331554914458498
2024-12-19,-0.13204690805994257
2024-12-20,-0.11848080767227753
2024-12-23,-0.11414372828168884
2024-12-24,-0.10823508889437261
2024-12-26,-0.10543968156114503
2024-12-27,-0.10956541191686608
2024-12-30,-0.1159138985475876
2024-12-31,-0.1228002679288357
2025-01-02,-0.13260799987293215
2025-01-03,-0.1150552180351575
2025-01-06,-0.11729262921727157
2025-01-07,-0.12847650668330612
2025-01-08,-0.12606051640837812
2025-01-10,-0.14245852982848684
2025-01-13,-0.13662971716892403
2025-01-14,-0.13250202872902472
2025-01-15,-0.10272894100149277
2025-01-16,-0.1093401474907233
2025-01-17,-0.10575425686555817
2025-01-21,-0.08511965087165463
2025-01-22,-0.07049344254529577
2025-01-23,-0.05998472363957552
2025-01-24,-0.0684930207650265
2025-01-27,-0.11462003986944536
2025-01-28,-0.10857655516910003
2025-01-29,-0.12204569845692048
2025-01-30,-0.11579658171612583
2025-01-31,-0.12498430531735893
2025-02-03,-0.15318857380058826
2025-02-04,-0.14346273971992773
2025-02-05,-0.13287543010734681
2025-02-06,-0.12511537702278708
2025-02-07,-0.13000909025369978
2025-02-10,-0.12602821138894726
2025-02-11,-0.12616664185088355
2025-02-12,-0.1308842606703411
2025-02-13,-0.11958332694012552
2025-02-14,-0.1158951979523104
2025-02-18,-0.11149146504559448
2025-02-19,-0.11104970161837524
2025-02-20,-0.10960816005951401
2025-02-21,-0.1251602782074528
2025-02-24,-0.12414984404611229
2025-02-25,-0.12091839308431707
2025-02-26,-0.12130134203485843
2025-02-27,-0.1356916967127998
2025-02-28,-0.12414125464349046
2025-03-03,-0.1427207878054546
2025-03-04,-0.15104785806629306
2025-03-05,-0.14144157837952365
2025-03-06,-0.1577134929145696
2025-03-07,-0.15051922828236852
2025-03-10,-0.17149861625894158
2025-03-11,-0.17601855844332237
2025-03-12,-0.17104079364062597
2025-03-13,-0.19654745211380775
2025-03-14,-0.18222958426633362
2025-03-17,-0.18089562866142472
2025-03-18,-0.1888079911478101
2025-03-19,-0.17431075329803802
2025-03-20,-0.17538892709835685
2025-03-21,-0.1689382445001426
2025-03-24,-0.16168588762139813
2025-03-25,-0.15924683378189908
2025-03-26,-0.16511168450937475
2025-03-27,-0.16227951414971542
2025-03-28,-0.16751873410711282
2025-03-31,-0.1645896002328593
2025-04-01,-0.15892730052927273
2025-04-02,-0.15120847595303177
2025-04-03,-0.20276677654586628
2025-04-04,-0.235136205601588
2025-04-07,-0.220276823199129
2025-04-08,-0.22730131821203947
2025-04-09,-0.11580715087576321
2025-04-10,-0.16599123543440664
2025-04-11,-0.13890712067666056
2025-04-14,-0.13137732508495437
2025-04-15,-0.13544467909165114
2025-04-16,-0.15085412780544438
2025-04-17,-0.14509578098500198
2025-04-21,-0.17314561259335015
2025-04-22,-0.16358002218099532
2025-04-23,-0.14105730709093056
2025-04-24,-0.12041903150084443
2025-04-25,-0.10717242515862413
2025-04-28,-0.10752472354176257
2025-04-29,-0.11401951092832219
2025-04-30,-0.11644173665428148
2025-05-01,-0.12326357153724521
2025-05-02,-0.11860393754665854
2025-05-05,-0.11666702359829972
2025-05-06,-0.13866844170001968
2025-05-07,-0.1380224330010419
2025-05-08,-0.1482254718191104
2025-05-09,-0.15504096956102986
2025-05-12,-0.1465619760077732
2025-05-13,-0.1576442285606794
2025-05-14,-0.17333079739689217
2025-05-15,-0.1510261460590987
2025-05-16,-0.1352059312957784
2025-05-19,-0.12952216198776245
2025-05-20,-0.12768096783886718
2025-05-21,-0.13033908025763474
2025-05-22,-0.13197174137069456
2025-05-23,-0.12801539442929344
2025-05-27,-0.11971073448836689
2025-05-28,-0.12654555383206922
2025-05-29,-0.12205791990734616
2025-05-30,-0.11333649405915702
2025-06-02,-0.11130339383921439
2025-06-03,-0.11146696181606419
2025-06-04,-0.12042831853007074
2025-06-05,-0.1160693188258507
2025-06-06,-0.11145088654800384
2025-06-09,-0.11321534090634655
2025-06-10,-0.11149360377885087
2025-06-11,-0.1080847920504685
2025-06-12,-0.10952589084133046
2025-06-13,-0.11201575346065695
2025-06-16,-0.10774448042492135
2025-06-17,-0.11244829336630235
2025-06-18,-0.11012651971096277
2025-06-20,-0.10158893041877437
2025-06-23,-0.07913080730394284
2025-06-24,-0.0758619947113871
2025-06-25,-0.07428007906801926
2025-06-26,-0.06979196678022936
2025-06-27,-0.05753061371416446
2025-06-30,-0.04762832086490465
2025-07-01,-0.07028986912596014
2025-07-02,-0.07936779709743824
2025-07-03,-0.07167536997210566
2025-07-07,-0.06780933094358499
2025-07-08,-0.07404074542546135
2025-07-09,-0.06411347013474988
2025-07-10,-0.06009383312817551
2025-07-11,-0.05304072734669896
2025-07-14,-0.031716835835794877
2025-07-15,-0.03009040071074276
2025-07-16,-0.02961782975712446
2025-07-17,-0.030792759064980357
2025-07-18,-0.04423733704418209
2025-07-21,-0.04540865229905522
2025-07-22,-0.05453397105444768
2025-07-23,-0.034307999332779504
2025-07-24,-0.06732937568816533
2025-07-25,-0.054549464108894274
2025-07-28,-0.06721229159120279
2025-07-29,-0.06817815228634028
2025-07-30,-0.05161944153333542
2025-07-31,-0.05525266335930801
2025-08-01,-0.05902305163412214
2025-08-04,-0.06562382849794535
2025-08-05,-0.0434156963997433
2025-08-06,-0.0405228741825735
2025-08-07,-0.045432318569965546
2025-08-08,-0.027269182502137168
2025-08-11,-0.031289207887077675
2025-08-12,-0.020727454239439003
2025-08-13,-0.014236800277008466
2025-08-14,-0.014307479968901582
2025-08-15,-0.005328050553731645
2025-08-18,-0.0014232790141140983
2025-08-19,-0.03980817161468386
2025-08-20,-0.03811626268990087
2025-08-21,-0.043735189462465573
2025-08-22,-0.040049810828977406
2025-08-25,-0.044991665102094514
2025-08-26,-0.04304598110910962
2025-08-27,-0.03853841527390056
2025-08-28,-0.024029238780758244
2025-08-29,-0.061712045033873286
2025-09-02,-0.06756893524316576
2025-09-03,-0.07222737040035054
2025-09-04,-0.0720816349060528
2025-09-05,-0.049559219056261705
2025-09-08,-0.03569865472949163
2025-09-09,-0.02700701426708385
2025-09-10,0.0
2025-09-11,-0.04159308602413814
2025-09-12,-0.07632214796471859
2025-09-15,-0.06976106475711885
2025-09-16,-0.07066493442721578
2025-09-17,-0.05725412643234207
2025-09-18,-0.07044634489094748
2025-09-19,-0.052890556896508234
2025-09-22,-0.04052076761427614
2025-09-23,-0.052683624282422126
2025-09-24,-0.0633838169652472
2025-09-25,-0.07229203400152329
2025-09-26,-0.07560506101589881
2025-09-29,-0.08038392489360646
2025-09-30,-0.08496063529454378
2025-10-01,-0.09341879232909434
2025-10-02,-0.09528048183025817
2025-10-03,-0.10208262559738557
2025-10-06,-0.09439023792551549
2025-10-07,-0.08574330392047469
2025-10-08,-0.06928526844833027
2025-10-09,-0.05703272567111117
2025-10-10,-0.07211903331453706
2025-10-13,-0.05492410644042767
2025-10-14,-0.05648262399668191
2025-10-15,-0.04900734511957361
2025-10-16,-0.0556751673207565
2025-10-17,-0.04097921686419148
2025-10-20,-0.02937447598311349
2025-10-21,-0.027189270781490804
2025-10-22,-0.02422585922154863
2025-10-23,-0.019046451882869797
2025-10-24,0.0
2025-10-27,0.0
2025-10-28,0.0
2025-10-29,-0.0060658066604654115
2025-10-30,-7.953846380970298e-06
2025-10-31,0.0
2025-11-03,0.0
2025-11-04,-0.0028579449933343604
2025-11-05,0.0
2025-11-06,0.0
2025-11-07,-0.01750976757182421
2025-11-10,-0.004805952353057252
2025-11-11,0.0
2025-11-12,0.0
2025-11-13,-0.010121090479615735
2025-11-14,-0.011772706146362277
2025-11-17,-0.019023183299071933
2025-11-18,-0.014785756724115084
2025-11-19,-0.007853985659359464
2025-11-20,-0.0371735792534611
2025-11-21,-0.0151402619809623
2025-11-24,-0.0129876299148034
2025-11-25,0.0
2025-11-26,0.0
2025-11-28,0.0
2025-12-01,-0.0046660966671604465
2025-12-02,0.0
2025-12-03,0.0
2025-12-04,-0.0067908784721189
2025-12-05,-0.0015373083150599376
2025-12-08,-0.00967333258360581
2025-12-09,-0.010717559016744982
2025-12-10,-0.004549163957838553
2025-12-11,-0.0016947132032787415
2025-12-12,-0.008224602769118072
2025-12-15,-0.0094160273599746
2025-12-16,-0.010495784110448936
2025-12-17,-0.010903087238900766
2025-12-18,-0.010592562558774277
2025-12-19,-0.010522733883224666
2025-12-22,-0.010531659750884548
