date,equity
2015-10-16,1.0
2015-10-19,1.0
2015-10-20,1.0
2015-10-21,1.0
2015-10-22,1.0
2015-10-23,1.0
2015-10-26,1.0
2015-10-27,1.0
2015-10-28,1.0
2015-10-29,1.0
2015-10-30,1.005240623610045
2015-11-02,1.0095187146737368
2015-11-03,1.0134759223883667
2015-11-04,1.0156149679202124
2015-11-05,1.0218181550837753
2015-11-06,1.0322954646133926
2015-11-09,1.0226146902881148
2015-11-10,1.0009490612759093
2015-11-11,1.0123088976416896
2015-11-12,1.00970528467589
2015-11-13,1.011510557372315
2015-11-16,1.0303396804979759
2015-11-17,1.0410072326140307
2015-11-18,1.0227122429211173
2015-11-19,1.0278071939350584
2015-11-20,1.0529125712602203
2015-11-23,1.052784600448717
2015-11-24,1.062732679649329
2015-11-25,1.0672445470567165
2015-11-27,1.068094128862648
2015-11-30,1.0648191619521927
2015-12-01,1.0741124471599133
2015-12-02,1.0676100807241198
2015-12-03,1.0508980778528774
2015-12-04,1.0692121036875981
2015-12-07,1.078101588204187
2015-12-08,1.0807182166462472
2015-12-09,1.0676201167762793
2015-12-10,1.0704783309275259
2015-12-11,1.0506193591144894
2015-12-14,1.0525436405518578
2015-12-15,1.0823227253852652
2015-12-16,1.0969975528560605
2015-12-17,1.0921796728367164
2015-12-18,1.066929059682845
2015-12-21,1.0721303015425865
2015-12-22,1.0721264736424279
2015-12-23,1.082887837206337
2015-12-24,1.0821186781907133
2015-12-28,1.080941008433312
2015-12-29,1.0924993329609898
2015-12-30,1.0792131971480292
2015-12-31,1.065653284607303
2016-01-04,1.0405047109922714
2016-01-05,1.018876384057763
2016-01-06,1.059431645115307
2016-01-07,1.0201796959305272
2016-01-08,0.9956565037348925
2016-01-11,1.0286319752839779
2016-01-12,1.0405861747764356
2016-01-13,0.9628356096083379
2016-01-14,0.9687978454526139
2016-01-15,0.931698138414696
2016-01-19,0.9219350484617383
2016-01-20,0.9098332437261899
2016-01-21,0.9120880128510053
2016-01-22,0.9236422892238555
2016-01-25,0.9085559644685528
2016-01-26,0.9154054532329904
2016-01-27,0.9081009984535359
2016-01-28,0.9047081554774594
2016-01-29,0.931177056727691
2016-02-01,0.9324057178887614
2016-02-02,0.892309328148972
2016-02-03,0.8841713766848104
2016-02-04,0.8862205186585591
2016-02-05,0.8540805513800418
2016-02-08,0.8225339016398056
2016-02-09,0.8220563337315091
2016-02-10,0.8283344987766325
2016-02-11,0.8347106170775691
2016-02-12,0.8474104035632717
2016-02-16,0.8641565785794827
2016-02-17,0.8974836914620435
2016-02-18,0.8852597142574351
2016-02-19,0.8857233265948762
2016-02-22,0.8968987807850716
2016-02-23,0.8933954993688079
2016-02-24,0.892249574220722
2016-02-25,0.9129967853670483
2016-02-26,0.9129967853670483
2016-02-29,0.9129967853670483
2016-03-01,0.9129967853670483
2016-03-02,0.9129967853670483
2016-03-03,0.9129967853670483
2016-03-04,0.9129967853670483
2016-03-07,0.9129967853670483
2016-03-08,0.9129967853670483
2016-03-09,0.9129967853670483
2016-03-10,0.9129967853670483
2016-03-11,0.9129967853670483
2016-03-14,0.9129967853670483
2016-03-15,0.9129967853670483
2016-03-16,0.9129967853670483
2016-03-17,0.9129967853670483
2016-03-18,0.9129967853670483
2016-03-21,0.9129967853670483
2016-03-22,0.9129967853670483
2016-03-23,0.9129967853670483
2016-03-24,0.9129967853670483
2016-03-28,0.9129967853670483
2016-03-29,0.9129967853670483
2016-03-30,0.9129967853670483
2016-03-31,0.9129967853670483
2016-04-01,0.9129967853670483
2016-04-04,0.9129967853670483
2016-04-05,0.9129967853670483
2016-04-06,0.9129967853670483
2016-04-07,0.9129967853670483
2016-04-08,0.9170247046080411
2016-04-11,0.9153464006443147
2016-04-12,0.9307596235982523
2016-04-13,0.9284158272018499
2016-04-14,0.9133925873783724
2016-04-15,0.9054065957035887
2016-04-18,0.92016205999223
2016-04-19,0.8980356174278672
2016-04-20,0.9145761405691251
2016-04-21,0.9018287811751005
2016-04-22,1.1682423955284633
2016-04-25,1.0579711158065384
2016-04-26,1.0958445137648085
2016-04-27,1.110371027348274
2016-04-28,1.1120629011581096
2016-04-29,1.1027827659278648
2016-05-02,1.1443134910735855
2016-05-03,1.1123578087684187
2016-05-04,1.1144357910047427
2016-05-05,1.125695008547848
2016-05-06,1.1312363158348342
2016-05-09,1.1303457481366999
2016-05-10,1.1303457481366999
2016-05-11,1.1303457481366999
2016-05-12,1.1303457481366999
2016-05-13,1.1303457481366999
2016-05-16,1.1303457481366999
2016-05-17,1.1303457481366999
2016-05-18,1.1303457481366999
2016-05-19,1.1303457481366999
2016-05-20,1.1387298871506273
2016-05-23,1.1338335441860425
2016-05-24,1.1389310976115947
2016-05-25,1.142888373137417
2016-05-26,1.1404067092220873
2016-05-27,1.1403396220109152
2016-05-31,1.139534728994497
2016-06-01,1.1370530650791673
2016-06-02,1.1364493825237163
2016-06-03,1.1386627999394552
2016-06-06,1.1637086927818947
2016-06-07,1.1675658392327555
2016-06-08,1.162744440654378
2016-06-09,1.168530091360272
2016-06-10,1.1492445890072918
2016-06-13,1.156958789948484
2016-06-14,1.154330056111147
2016-06-15,1.1532341206907928
2016-06-16,1.1806219399900637
2016-06-17,1.2325919740537041
2016-06-20,1.2247636823327865
2016-06-21,1.2589106584912058
2016-06-22,1.1886803770027872
2016-06-23,1.2227377514111304
2016-06-24,1.1586625589766995
2016-06-27,1.1199767106818235
2016-06-28,1.1741020303740142
2016-06-29,1.1902711164111892
2016-06-30,1.1966707361890043
2016-07-01,1.1864710384215225
2016-07-05,1.1636982813903756
2016-07-06,1.1660794146023041
2016-07-07,1.1690775000058669
2016-07-08,1.1796743259531188
2016-07-11,1.1813267407846784
2016-07-12,1.1922237440749164
2016-07-13,1.1903235687268354
2016-07-14,1.1958957801012928
2016-07-15,1.1958957801012928
2016-07-18,1.1958957801012928
2016-07-19,1.1958957801012928
2016-07-20,1.201622674111988
2016-07-21,1.1910499811251691
2016-07-22,1.1904993085444433
2016-07-25,1.201382168623209
2016-07-26,1.220327594585045
2016-07-27,1.2149136125462077
2016-07-28,1.212744122021617
2016-07-29,1.21084979018659
2016-08-01,1.2246611491715331
2016-08-02,1.210318173425363
2016-08-03,1.207462030946815
2016-08-04,1.2256047221509414
2016-08-05,1.25197319520924
2016-08-08,1.2538502361696864
2016-08-09,1.2512761551512335
2016-08-10,1.2415991286302577
2016-08-11,1.2557658946574508
2016-08-12,1.26773800179435
2016-08-15,1.283701710992578
2016-08-16,1.26949831433067
2016-08-17,1.2574114329788575
2016-08-18,1.2846017946535928
2016-08-19,1.282109831413934
2016-08-22,1.282620323524409
2016-08-23,1.2874337316429314
2016-08-24,1.29239297532208
2016-08-25,1.2856833710682738
2016-08-26,1.282328596761966
2016-08-29,1.2874337316429314
2016-08-30,1.282620323524409
2016-08-31,1.2811617453533848
2016-09-01,1.2840060117357153
2016-09-02,1.2856833710682738
2016-09-06,1.2803594861848406
2016-09-07,1.2803594861848406
2016-09-08,1.2307599911641915
2016-09-09,1.19269525772026
2016-09-12,1.2058219215290304
2016-09-13,1.184008603646753
2016-09-14,1.2241590608058506
2016-09-15,1.236361329402195
2016-09-16,1.2379890711598847
2016-09-19,1.253229841512892
2016-09-20,1.2478781199705895
2016-09-21,1.2716057411360357
2016-09-22,1.2798516913107056
2016-09-23,1.2967079525010912
2016-09-26,1.2677485534455515
2016-09-27,1.3090181934991416
2016-09-28,1.315502974414367
2016-09-29,1.3301764540354335
2016-09-30,1.3625410644823364
2016-10-03,1.362818801355428
2016-10-04,1.3628260892952886
2016-10-05,1.3479463116927186
2016-10-06,1.3639345166859114
2016-10-07,1.361962929681066
2016-10-10,1.3616896152608051
2016-10-11,1.3538914100199975
2016-10-12,1.3606938525708958
2016-10-13,1.3597821223926552
2016-10-14,1.3372060734102538
2016-10-17,1.3225117799726613
2016-10-18,1.3464965103041466
2016-10-19,1.3581217367880385
2016-10-20,1.358790432944573
2016-10-21,1.3407180151712519
2016-10-24,1.3574247577114094
2016-10-25,1.379668043872545
2016-10-26,1.3715435238081954
2016-10-27,1.3645796573735947
2016-10-28,1.3821283649792129
2016-10-31,1.3807577084105476
2016-11-01,1.3740377166462026
2016-11-02,1.3706082094079024
2016-11-03,1.345680399204938
2016-11-04,1.3493610332260957
2016-11-07,1.3950247238458848
2016-11-08,1.413476445735742
2016-11-09,1.4466085752979079
2016-11-10,1.4294880334054456
2016-11-11,1.4451697951838336
2016-11-14,1.407296322396761
2016-11-15,1.4003194135801145
2016-11-16,1.409400510557655
2016-11-17,1.423768792750199
2016-11-18,1.4149259272012185
2016-11-21,1.4266703425912748
2016-11-22,1.45656468888617
2016-11-23,1.452098122670061
2016-11-25,1.465202431040085
2016-11-28,1.4443397506789015
2016-11-29,1.4456200298818938
2016-11-30,1.4825026535921608
2016-12-01,1.4717637642050492
2016-12-02,1.4843686599613808
2016-12-05,1.5047569755215824
2016-12-06,1.535541185356676
2016-12-07,1.540722995632169
2016-12-08,1.5406107017449204
2016-12-09,1.5609682727940823
2016-12-12,1.5721598576547235
2016-12-13,1.600504029322415
2016-12-14,1.5777660942744214
2016-12-15,1.5848609738348234
2016-12-16,1.586841129997782
2016-12-19,1.5875443289195552
2016-12-20,1.5903178493360373
2016-12-21,1.585525531776143
2016-12-22,1.5846253556116885
2016-12-23,1.5842868992533048
2016-12-27,1.5928626121910203
2016-12-28,1.5669049353873241
2016-12-29,1.5586259130772175
2016-12-30,1.5584639819148012
2017-01-03,1.54796900338137
2017-01-04,1.5629211492847306
2017-01-05,1.5313971193509517
2017-01-06,1.5423921207792337
2017-01-09,1.567910988265403
2017-01-10,1.5640239190203926
2017-01-11,1.548456645991359
2017-01-12,1.5172393675603517
2017-01-13,1.5159512717949477
2017-01-17,1.4591179548827937
2017-01-18,1.4686158390995687
2017-01-19,1.463983457930802
2017-01-20,1.462725666148449
2017-01-23,1.4598558051277046
2017-01-24,1.4922109190201043
2017-01-25,1.5021146853646041
2017-01-26,1.5095621727611175
2017-01-27,1.5090824586123575
2017-01-30,1.498857053315909
2017-01-31,1.479713852868048
2017-02-01,1.554940832357162
2017-02-02,1.5611000731368525
2017-02-03,1.591580373237949
2017-02-06,1.5897975623927825
2017-02-07,1.5835023081752224
2017-02-08,1.571493496999195
2017-02-09,1.592718690454444
2017-02-10,1.5948504805054087
2017-02-13,1.620291096591771
2017-02-14,1.642630564898966
2017-02-15,1.6648217794507982
2017-02-16,1.6508351822173366
2017-02-17,1.6525107026347898
2017-02-21,1.6640661280546922
2017-02-22,1.6607238023704256
2017-02-23,1.6106370012865407
2017-02-24,1.6086505280590773
2017-02-27,1.6324338626777064
2017-02-28,1.6070245740734248
2017-03-01,1.66805799810625
2017-03-02,1.6317505233636438
2017-03-03,1.6269478764675065
2017-03-06,1.6268748636556167
2017-03-07,1.6160008390805678
2017-03-08,1.591414937840527
2017-03-09,1.593067280945932
2017-03-10,1.5889951433959775
2017-03-13,1.6034602625252932
2017-03-14,1.5853562301575839
2017-03-15,1.610401229542743
2017-03-16,1.6119048277451418
2017-03-17,1.618350024585132
2017-03-20,1.6483360998324605
2017-03-21,1.604494643176431
2017-03-22,1.5981963596064048
2017-03-23,1.5942844317974556
2017-03-24,1.5938806395500773
2017-03-27,1.5860609925681677
2017-03-28,1.6054775915256088
2017-03-29,1.6044563816812663
2017-03-30,1.6183561780607925
2017-03-31,1.6156925322966211
2017-04-03,1.6096245796074928
2017-04-04,1.6153949615806045
2017-04-05,1.6072867896339362
2017-04-06,1.6132048107457415
2017-04-07,1.6124359922390565
2017-04-10,1.6022072791241055
2017-04-11,1.601204376886984
2017-04-12,1.5920088486539936
2017-04-13,1.577717510814918
2017-04-17,1.5989699135031388
2017-04-18,1.5871368188923802
2017-04-19,1.5867076881393578
2017-04-20,1.5978807130830877
2017-04-21,1.5929602148490103
2017-04-24,1.6061188034692893
2017-04-25,1.6295306269076222
2017-04-26,1.6201106620318284
2017-04-27,1.615298737819217
2017-04-28,1.6139639182320957
2017-05-01,1.6110464232687667
2017-05-02,1.5941467311118425
2017-05-03,1.6067349099889043
2017-05-04,1.5669284663477816
2017-05-05,1.5916454315909532
2017-05-08,1.5861036430588529
2017-05-09,1.5902838587677097
2017-05-10,1.6553551250334764
2017-05-11,1.6707612051173435
2017-05-12,1.6780031427046498
2017-05-15,1.6914877953461864
2017-05-16,1.7798066362226905
2017-05-17,1.654572618358565
2017-05-18,1.6631475863894618
2017-05-19,1.658369810621605
2017-05-22,1.650999444360993
2017-05-23,1.6499188647579857
2017-05-24,1.6467672424875759
2017-05-25,1.6548664487013662
2017-05-26,1.6598803672382128
2017-05-30,1.6685356876162014
2017-05-31,1.6675578703525322
2017-06-01,1.6658518850633075
2017-06-02,1.6680497767683935
2017-06-05,1.6661166663778608
2017-06-06,1.664940964670735
2017-06-07,1.6673880079610064
2017-06-08,1.6720051166196757
2017-06-09,1.6745048132562377
2017-06-12,1.6886341740237962
2017-06-13,1.6923497871344289
2017-06-14,1.6814356405321884
2017-06-15,1.6713493914923838
2017-06-16,1.6691193844584653
2017-06-19,1.6785657823750608
2017-06-20,1.6586132428857672
2017-06-21,1.6721526240322402
2017-06-22,1.6749448261301978
2017-06-23,1.6745193087597041
2017-06-26,1.6766099865947104
2017-06-27,1.6577315476053176
2017-06-28,1.689520645180245
2017-06-29,1.6612778479430008
2017-06-30,1.6621287511623128
2017-07-03,1.6400322157751859
2017-07-05,1.6593264354772395
2017-07-06,1.6572873006183713
2017-07-07,1.6779160564192248
2017-07-10,1.7025798254490552
2017-07-11,1.7070622975256802
2017-07-12,1.7259743671160128
2017-07-13,1.7226422414043812
2017-07-14,1.7288881590653626
2017-07-17,1.728075665009576
2017-07-18,1.7376951840863017
2017-07-19,1.73634079334986
2017-07-20,1.7375522936504724
2017-07-21,1.7384868862269152
2017-07-24,1.7399935862910891
2017-07-25,1.7389339925524394
2017-07-26,1.7414373789614597
2017-07-27,1.7363729726437076
2017-07-28,1.7360094562502797
2017-07-31,1.7261733504275094
2017-08-01,1.733297024710268
2017-08-02,1.7212588737621373
2017-08-03,1.7126273319405205
2017-08-04,1.7058032531132123
2017-08-07,1.72675728191378
2017-08-08,1.6970249668643282
2017-08-09,1.673439027011954
2017-08-10,1.6200039791155798
2017-08-11,1.6281924596011959
2017-08-14,1.6600947902801615
2017-08-15,1.6699756704611974
2017-08-16,1.6702949195846368
2017-08-17,1.6635800436873986
2017-08-18,1.663535461263155
2017-08-21,1.6471106689692099
2017-08-22,1.660862928828849
2017-08-23,1.659494251157054
2017-08-24,1.6621585722811858
2017-08-25,1.6563954464732076
2017-08-28,1.6507361980607842
2017-08-29,1.6354815680954449
2017-08-30,1.6492108500192202
2017-08-31,1.6614794703999933
2017-09-01,1.6734290469162258
2017-09-05,1.660568724750722
2017-09-06,1.6523643537586958
2017-09-07,1.6465015547418274
2017-09-08,1.6322068023402607
2017-09-11,1.659271227046767
2017-09-12,1.6632809985055022
2017-09-13,1.6671217608141315
2017-09-14,1.6748834206799812
2017-09-15,1.6757621783609318
2017-09-18,1.6799492397577678
2017-09-19,1.6728430845181999
2017-09-20,1.6802081224652539
2017-09-21,1.680296209508884
2017-09-22,1.685847594158771
2017-09-25,1.659962383358685
2017-09-26,1.6519592411745805
2017-09-27,1.654771157654416
2017-09-28,1.645817134281853
2017-09-29,1.659650519320285
2017-10-02,1.6556022506782053
2017-10-03,1.6821246058032169
2017-10-04,1.7054077373497216
2017-10-05,1.705711988763337
2017-10-06,1.7095375458684554
2017-10-09,1.6738628840145142
2017-10-10,1.7151752122862267
2017-10-11,1.7092773291750383
2017-10-12,1.7132885670369855
2017-10-13,1.709591560718102
2017-10-16,1.6951503398175702
2017-10-17,1.7121518207923065
2017-10-18,1.7276781616882548
2017-10-19,1.7077707746031354
2017-10-20,1.700964471013805
2017-10-23,1.6733311311893826
2017-10-24,1.6762338892245956
2017-10-25,1.6656697251839139
2017-10-26,1.6417915524320434
2017-10-27,1.610290696123327
2017-10-30,1.5665257187642156
2017-10-31,1.5831384348163053
2017-11-01,1.5534907033201046
2017-11-02,1.5125142758241237
2017-11-03,1.5399262142068277
2017-11-06,1.559662610614893
2017-11-07,1.5720040641042083
2017-11-08,1.555091471563439
2017-11-09,1.532837112409664
2017-11-10,1.532837112409664
2017-11-13,1.555663081161033
2017-11-14,1.5433396334233778
2017-11-15,1.5744105909355657
2017-11-16,1.5769104605188735
2017-11-17,1.5877950502324802
2017-11-20,1.5671856478940254
2017-11-21,1.5766273160424733
2017-11-22,1.579849559427822
2017-11-24,1.5829689683486845
2017-11-27,1.5748124152625653
2017-11-28,1.5912185861814758
2017-11-29,1.6095390624844488
2017-11-30,1.6013253859437395
2017-12-01,1.6016449505075177
2017-12-04,1.5664294879283138
2017-12-05,1.571083227801827
2017-12-06,1.5773294238239117
2017-12-07,1.586445800350378
2017-12-08,1.57687276795816
2017-12-11,1.5935057999812123
2017-12-12,1.5859404571658522
2017-12-13,1.5879244800788834
2017-12-14,1.5908797251079279
2017-12-15,1.598530342777949
2017-12-18,1.61277305427009
2017-12-19,1.5956197199214928
2017-12-20,1.5966171522211694
2017-12-21,1.592883832785117
2017-12-22,1.5982796337978682
2017-12-26,1.5923250145756387
2017-12-27,1.5963397280412186
2017-12-28,1.5971553609301032
2017-12-29,1.58834642117347
2018-01-02,1.6063736857396351
2018-01-03,1.6174921152008968
2018-01-04,1.6174801098649123
2018-01-05,1.6174801098649123
2018-01-08,1.6174801098649123
2018-01-09,1.6174801098649123
2018-01-10,1.5984508919132563
2018-01-11,1.618823301477236
2018-01-12,1.615017507077677
2018-01-16,1.6127787291361897
2018-01-17,1.6407628128999336
2018-01-18,1.632982469751839
2018-01-19,1.634230321660382
2018-01-22,1.655344834507425
2018-01-23,1.6643111931645982
2018-01-24,1.6530316906735114
2018-01-25,1.6256209967230826
2018-01-26,1.7358136816398368
2018-01-29,1.711325772036497
2018-01-30,1.6799229499619277
2018-01-31,1.6628506687877629
2018-02-01,1.6484539464528696
2018-02-02,1.605166884537767
2018-02-05,1.5455806626973623
2018-02-06,1.5734661993155004
2018-02-07,1.5791899741212685
2018-02-08,1.5050394521664234
2018-02-09,1.5208080985407917
2018-02-12,1.544836035652354
2018-02-13,1.544371596721718
2018-02-14,1.5699212328124124
2018-02-15,1.588388858594541
2018-02-16,1.5928858164342132
2018-02-20,1.5934093419225055
2018-02-21,1.5793663279046086
2018-02-22,1.5823830722307428
2018-02-23,1.6050481358627646
2018-02-26,1.6239553704108236
2018-02-27,1.5946169475318264
2018-02-28,1.5733495431259563
2018-03-01,1.5430831730552217
2018-03-02,1.5493281885111088
2018-03-05,1.5667432436465565
2018-03-06,1.5651325289075124
2018-03-07,1.5649605308526713
2018-03-08,1.5773733451426752
2018-03-09,1.6129305282441875
2018-03-12,1.6080473120171668
2018-03-13,1.6015505997510489
2018-03-14,1.5958513246387633
2018-03-15,1.5955303415468327
2018-03-16,1.6001346205409592
2018-03-19,1.583999181889971
2018-03-20,1.5911305442198207
2018-03-21,1.587864275695031
2018-03-22,1.502262484655163
2018-03-23,1.48170201022024
2018-03-26,1.5115356740392234
2018-03-27,1.4754626468306906
2018-03-28,1.4771600811912102
2018-03-29,1.4980585078385527
2018-04-02,1.4654333683436742
2018-04-03,1.4790294709296603
2018-04-04,1.499443258853801
2018-04-05,1.5008382459241614
2018-04-06,1.4668623379915382
2018-04-09,1.4699388641687035
2018-04-10,1.499492860929639
2018-04-11,1.4947528209659726
2018-04-12,1.5039908498288193
2018-04-13,1.492188421367619
2018-04-16,1.504774672119189
2018-04-17,1.524325275956035
2018-04-18,1.5242051226389757
2018-04-19,1.519589417218461
2018-04-20,1.509013113551153
2018-04-23,1.4960045369928254
2018-04-24,1.4767686420682695
2018-04-25,1.4815578836239014
2018-04-26,1.4820392653361605
2018-04-27,1.4900209367247303
2018-04-30,1.4922698104360075
2018-05-01,1.5036732648599866
2018-05-02,1.511179477288373
2018-05-03,1.5174890166140251
2018-05-04,1.5495626617283789
2018-05-07,1.5498086075653932
2018-05-08,1.55527302679761
2018-05-09,1.5698346381839583
2018-05-10,1.5757143647335061
2018-05-11,1.5771051368768478
2018-05-14,1.6056604311592007
2018-05-15,1.6062596698289742
2018-05-16,1.6291172313706777
2018-05-17,1.6368380411071244
2018-05-18,1.631493508518416
2018-05-21,1.6408294996911326
2018-05-22,1.6331637038661078
2018-05-23,1.6072432411062798
2018-05-24,1.609522993555089
2018-05-25,1.6130879420617048
2018-05-29,1.6170605453185452
2018-05-30,1.649331483734026
2018-05-31,1.6443530645040276
2018-06-01,1.6567846252327918
2018-06-04,1.716125695170096
2018-06-05,1.741404857231815
2018-06-06,1.7360073435348875
2018-06-07,1.7285782802867597
2018-06-08,1.727454016496186
2018-06-11,1.724417669286061
2018-06-12,1.72783022605793
2018-06-13,1.7312252053951038
2018-06-14,1.7517443012221712
2018-06-15,1.74034260643033
2018-06-18,1.7063457065863064
2018-06-19,1.6895987830665922
2018-06-20,1.7048687579310737
2018-06-21,1.6719272055439074
2018-06-22,1.688020648380748
2018-06-25,1.6449444240837106
2018-06-26,1.6307052746798598
2018-06-27,1.607429233661795
2018-06-28,1.6153410608353131
2018-06-29,1.6184414771550009
2018-07-02,1.6291819539384353
2018-07-03,1.6117550176300777
2018-07-05,1.640136210667275
2018-07-06,1.6529164432250478
2018-07-09,1.6741534183716158
2018-07-10,1.6869196751825835
2018-07-11,1.656084483432828
2018-07-12,1.6569815152830007
2018-07-13,1.62845620932431
2018-07-16,1.6234344109230765
2018-07-17,1.6515091937152397
2018-07-18,1.6452041503523414
2018-07-19,1.63035185575558
2018-07-20,1.6223343397680456
2018-07-23,1.6364071126424091
2018-07-24,1.632169094344072
2018-07-25,1.6686332395761765
2018-07-26,1.704504213809551
2018-07-27,1.692984346734264
2018-07-30,1.6673395913150997
2018-07-31,1.660117594489608
2018-08-01,1.6704239979949589
2018-08-02,1.72977745959735
2018-08-03,1.7253532189875658
2018-08-06,1.7554135491420795
2018-08-07,1.7843377172058885
2018-08-08,1.7792798151398612
2018-08-09,1.7690823474674835
2018-08-10,1.7483332202377269
2018-08-13,1.754231566012438
2018-08-14,1.7584629400212175
2018-08-15,1.743444692505568
2018-08-16,1.7360292655232423
2018-08-17,1.7420765768356457
2018-08-20,1.7777702231977173
2018-08-21,1.8096680640930047
2018-08-22,1.8342751455022661
2018-08-23,1.8269917849378219
2018-08-24,1.8605705107881076
2018-08-27,1.8702183677278008
2018-08-28,1.8649200668065322
2018-08-29,1.8754590769310546
2018-08-30,1.8769725555506296
2018-08-31,1.871039369134828
2018-09-04,1.854372079717932
2018-09-05,1.8239581871344832
2018-09-06,1.7982709445111253
2018-09-07,1.7535123500445506
2018-09-10,1.8178144174855702
2018-09-11,1.8152134765532055
2018-09-12,1.8661435539519329
2018-09-13,1.866266697112847
2018-09-14,1.8841772750590455
2018-09-17,1.8832667862582781
2018-09-18,1.858279103825012
2018-09-19,1.8938385286702397
2018-09-20,1.892246652919538
2018-09-21,1.900783047862411
2018-09-24,1.9351248526252771
2018-09-25,1.9602166099696978
2018-09-26,1.9501717976531459
2018-09-27,1.9548458749896767
2018-09-28,1.967393019054932
2018-10-01,1.9963735124956883
2018-10-02,1.9642824260341745
2018-10-03,1.970988642900174
2018-10-04,1.9103835877117548
2018-10-05,1.8906793662614874
2018-10-08,1.841166877067277
2018-10-09,1.8487059542732895
2018-10-10,1.7330927783957968
2018-10-11,1.7287451506223213
2018-10-12,1.8115165836407663
2018-10-15,1.7571785588372262
2018-10-16,1.8756065889520692
2018-10-17,1.852712706633929
2018-10-18,1.8051463211473329
2018-10-19,1.7540703863453533
2018-10-22,1.7739327908704527
2018-10-23,1.770701399142764
2018-10-24,1.6934318298850213
2018-10-25,1.7333550181168427
2018-10-26,1.7075996075749902
2018-10-29,1.6818139871533742
2018-10-30,1.7082851412421525
2018-10-31,1.7369730187162946
2018-11-01,1.7694209182354457
2018-11-02,1.7706619727542634
2018-11-05,1.7777468504217533
2018-11-06,1.7996293212103547
2018-11-07,1.8248861802515148
2018-11-08,1.8200921007953028
2018-11-09,1.7948617537117728
2018-11-12,1.7314959278297026
2018-11-13,1.720990088177678
2018-11-14,1.699552065042192
2018-11-15,1.7235257542300833
2018-11-16,1.736218381638885
2018-11-19,1.6932250183445186
2018-11-20,1.6661871344102568
2018-11-21,1.6648064941163678
2018-11-23,1.6462575648646258
2018-11-26,1.6633598309177076
2018-11-27,1.6647300046303564
2018-11-28,1.696372947075302
2018-11-29,1.6884695054058245
2018-11-30,1.689971146983486
2018-12-03,1.7125307349667038
2018-12-04,1.676380739588864
2018-12-06,1.6706170655473769
2018-12-07,1.6428601066087787
2018-12-10,1.6457602159771243
2018-12-11,1.6362528310168933
2018-12-12,1.6428964451681565
2018-12-13,1.6409870653060272
2018-12-14,1.6347084733843942
2018-12-17,1.6271236813005094
2018-12-18,1.633469790405999
2018-12-19,1.6194229320032187
2018-12-20,1.6094721322062766
2018-12-21,1.5927514431495442
2018-12-24,1.5785801490999862
2018-12-26,1.609351315094408
2018-12-27,1.6115790080182117
2018-12-28,1.616221219140947
2018-12-31,1.623369505324358
2019-01-02,1.6260208241349414
2019-01-03,1.60861257089646
2019-01-04,1.6516834994895462
2019-01-07,1.6872618319111994
2019-01-08,1.6879146332140178
2019-01-09,1.6792272908200223
2019-01-10,1.6946103798965453
2019-01-11,1.6983953569806363
2019-01-14,1.698114982365964
2019-01-15,1.7226471996518962
2019-01-16,1.714376335685028
2019-01-17,1.7209649519638623
2019-01-18,1.7279741633198191
2019-01-22,1.7139292725740254
2019-01-23,1.6882633868401933
2019-01-24,1.697143384587573
2019-01-25,1.717430700121582
2019-01-28,1.719504884458635
2019-01-29,1.732894903247061
2019-01-30,1.794960825938418
2019-01-31,1.8205547406870846
2019-02-01,1.8309229408971792
2019-02-04,1.82225477925746
2019-02-05,1.84484188266047
2019-02-06,1.8456830263924222
2019-02-07,1.8375494316307863
2019-02-08,1.8413379292406558
2019-02-11,1.8416957601001793
2019-02-12,1.8416957601001793
2019-02-13,1.8416957601001793
2019-02-14,1.8416957601001793
2019-02-15,1.8416957601001793
2019-02-19,1.8416957601001793
2019-02-20,1.8416957601001793
2019-02-21,1.8416957601001793
2019-02-22,1.8392069982968695
2019-02-25,1.830674030417486
2019-02-26,1.8241558111581635
2019-02-27,1.7983199208204428
2019-02-28,1.8111071102371596
2019-03-01,1.8042388186726523
2019-03-04,1.7870680788783146
2019-03-05,1.7835646822406723
2019-03-06,1.748843098242023
2019-03-07,1.7058757505793205
2019-03-08,1.7073538487475866
2019-03-11,1.7276884622255881
2019-03-12,1.7148501541046495
2019-03-13,1.7241129607730796
2019-03-14,1.7054955998093788
2019-03-15,1.8027698007047654
2019-03-18,1.805765589406898
2019-03-19,1.8312384143422449
2019-03-20,1.8025508962272745
2019-03-21,1.8214348118597246
2019-03-22,1.786335982913773
2019-03-25,1.79747313937258
2019-03-26,1.8168733668073234
2019-03-27,1.8186052040957106
2019-03-28,1.8308138880308298
2019-03-29,1.842543026869458
2019-04-01,1.8599387451999299
2019-04-02,1.858778056260466
2019-04-03,1.8491880661479554
2019-04-04,1.8673120303542896
2019-04-05,1.8741775225760837
2019-04-08,1.8409357628987806
2019-04-09,1.829510953210457
2019-04-10,1.8337769705571376
2019-04-11,1.821617624058662
2019-04-12,1.8305851464290814
2019-04-15,1.818662443309254
2019-04-16,1.8564887490866786
2019-04-17,1.8422915507783177
2019-04-18,1.863231211014877
2019-04-22,1.8233366422204123
2019-04-23,1.838062351570238
2019-04-24,1.8379831173363677
2019-04-25,1.8574219304790065
2019-04-26,1.8825266698613332
2019-04-29,1.8707703430940716
2019-04-30,1.876285347254377
2019-05-01,1.8606450163896033
2019-05-02,1.8640071064341057
2019-05-03,1.8791424168255915
2019-05-06,1.8665410661637025
2019-05-07,1.8131735769580557
2019-05-08,1.8078019770889555
2019-05-09,1.7762570937650528
2019-05-10,1.7791006566286547
2019-05-13,1.7259624338211916
2019-05-14,1.7561567809683587
2019-05-15,1.7619663482434793
2019-05-16,1.767800553076718
2019-05-17,1.7429076157268961
2019-05-20,1.715661774161358
2019-05-21,1.7423403363670296
2019-05-22,1.7246620670515243
2019-05-23,1.7097499643483236
2019-05-24,1.7169997866088724
2019-05-28,1.6989238641578472
2019-05-29,1.6913647924427875
2019-05-30,1.6957087454997135
2019-05-31,1.6808780305625703
2019-06-03,1.652331080639337
2019-06-04,1.7006108019249275
2019-06-05,1.7223578204204126
2019-06-06,1.7412894310657918
2019-06-07,1.7777841144767352
2019-06-10,1.7936383554029511
2019-06-11,1.7895782208536701
2019-06-12,1.7853896764115191
2019-06-13,1.8006821257620778
2019-06-14,1.8064235002888644
2019-06-17,1.8264346423187499
2019-06-18,1.8655091753724242
2019-06-19,1.879496665386459
2019-06-20,1.8817512149104603
2019-06-21,1.871808853272607
2019-06-24,1.8711991845425155
2019-06-25,1.8482664886939684
2019-06-26,1.8776087439175397
2019-06-27,1.9192500884842898
2019-06-28,1.926185135018608
2019-07-01,1.9488409267155702
2019-07-02,1.9480089961598153
2019-07-03,1.9668855987089955
2019-07-05,1.9614615240880842
2019-07-08,1.94877221709703
2019-07-09,1.9647676062513604
2019-07-10,1.9834623742495017
2019-07-11,1.9769886730156083
2019-07-12,1.9586689631630512
2019-07-15,1.974393850913869
2019-07-16,1.9711183519033164
2019-07-17,1.9736875077241751
2019-07-18,1.9844500514268784
2019-07-19,1.9384381460879967
2019-07-22,1.9227115122596015
2019-07-23,1.921312915040202
2019-07-24,1.9561063915408126
2019-07-25,1.9793271488463575
2019-07-26,2.011363065750128
2019-07-29,2.010124554794609
2019-07-30,1.9988713874292185
2019-07-31,1.9848616505007055
2019-08-01,1.9778216002186626
2019-08-02,1.9826077442448018
2019-08-05,1.9297765890092828
2019-08-06,1.9508615953169643
2019-08-07,1.9322499311929668
2019-08-08,1.9757571194831411
2019-08-09,1.9595819153898077
2019-08-12,1.9626743382149723
2019-08-13,1.9821215557631322
2019-08-14,1.907800462220534
2019-08-15,1.9012590257704083
2019-08-16,1.9270529991840473
2019-08-19,1.940873319025245
2019-08-20,1.9157510182729902
2019-08-21,1.9420657843457503
2019-08-22,1.9347447978563257
2019-08-23,1.881735229329248
2019-08-26,1.8994647208986888
2019-08-27,1.9040247650076485
2019-08-28,1.903033552488175
2019-08-29,1.9315265971496665
2019-08-30,1.9306129833450294
2019-09-03,1.9203926653281802
2019-09-04,1.9432611438675393
2019-09-05,1.9791481902757675
2019-09-06,1.9676870761571603
2019-09-09,1.9667841650331586
2019-09-10,1.973741636695358
2019-09-11,1.9644540660636471
2019-09-12,1.9825929326428278
2019-09-13,1.973697435833329
2019-09-16,1.9797319997080263
2019-09-17,1.989366515841833
2019-09-18,1.9783292347122203
2019-09-19,1.9751375953900157
2019-09-20,1.9656120652006588
2019-09-23,1.9739109202611855
2019-09-24,1.9599653894513702
2019-09-25,1.9642674453589732
2019-09-26,1.973263572927841
2019-09-27,1.9380136992640824
2019-09-30,1.960649176020229
2019-10-01,1.954872466277549
2019-10-02,1.9214104634639277
2019-10-03,1.9374328398646128
2019-10-04,1.9758339629644275
2019-10-07,1.9645010236397138
2019-10-08,1.9266140701754781
2019-10-09,1.9516530116208148
2019-10-10,1.9659027187058409
2019-10-11,1.9860067734227331
2019-10-14,1.9857283755852113
2019-10-15,2.0115116867733542
2019-10-16,1.9917041427410664
2019-10-17,1.9909576453651519
2019-10-18,1.9769132896519066
2019-10-21,1.9854281276825811
2019-10-22,1.936982231330355
2019-10-23,1.9380705926265291
2019-10-24,1.95153055384874
2019-10-25,1.9533153633520586
2019-10-28,1.9622110722418475
2019-10-29,1.9734700856719347
2019-10-30,1.9802152226091492
2019-10-31,1.9741041708709433
2019-11-01,1.9798156727542862
2019-11-04,1.9802696742990178
2019-11-05,1.9740625594666945
2019-11-06,1.978858714696641
2019-11-07,1.9802206151946382
2019-11-08,1.9943231361032963
2019-11-11,1.994942637804825
2019-11-12,2.0005399587003794
2019-11-13,2.002669856953135
2019-11-14,2.0021386525182416
2019-11-15,2.013978737871816
2019-11-18,2.007485549630831
2019-11-19,2.012341221966492
2019-11-20,2.019711449034415
2019-11-21,2.015671921080978
2019-11-22,2.005333143176392
2019-11-25,2.011023689094303
2019-11-26,2.0186014625451105
2019-11-27,2.0213863490566393
2019-11-29,1.998802646288262
2019-12-02,1.9778728775741328
2019-12-03,1.9544899896334893
2019-12-04,1.9900288443884997
2019-12-05,1.9967804340640012
2019-12-06,2.015008283421481
2019-12-09,2.022260660981061
2019-12-10,2.0168410996920603
2019-12-11,2.0598800726214295
2019-12-12,2.122575333713768
2019-12-13,2.0987615498501375
2019-12-16,2.1332823454068994
2019-12-17,2.1287488992047883
2019-12-18,2.1205478511469145
2019-12-19,2.135410644854905
2019-12-20,2.1609193373161197
2019-12-23,2.189102584284285
2019-12-24,2.1973947100899163
2019-12-26,2.2110199508651487
2019-12-27,2.206843328188911
2019-12-30,2.1874922179094365
2019-12-31,2.1930083985161986
2020-01-02,2.2276294103788317
2020-01-03,2.216343788879798
2020-01-06,2.2194466550936847
2020-01-07,2.228169047926593
2020-01-08,2.2452474592366287
2020-01-09,2.2502295353741033
2020-01-10,2.2495080956262132
2020-01-13,2.2538239510815403
2020-01-14,2.2852940198463045
2020-01-15,2.262635522316212
2020-01-16,2.2737625168307334
2020-01-17,2.286193120897297
2020-01-21,2.2608374464899783
2020-01-22,2.281791333503765
2020-01-23,2.3243412847390097
2020-01-24,2.3346047829070122
2020-01-27,2.2785167652071414
2020-01-28,2.317625803043602
2020-01-29,2.3050434423420127
2020-01-30,2.297730437273078
2020-01-31,2.222410542629642
2020-02-03,2.2363190926126757
2020-02-04,2.2706400596916323
2020-02-05,2.3141360343755215
2020-02-06,2.321525857083723
2020-02-07,2.3050846551403406
2020-02-10,2.310975825524373
2020-02-11,2.334643869823394
2020-02-12,2.3455496308116417
2020-02-13,2.346855237705723
2020-02-14,2.334029420116978
2020-02-18,2.3510993600420713
2020-02-19,2.358858473423776
2020-02-20,2.3664235682729235
2020-02-21,2.3298081264983317
2020-02-24,2.2379847811999167
2020-02-25,2.1804189431879477
2020-02-26,2.163667273854492
2020-02-27,2.070609871899755
2020-02-28,2.057940286799648
2020-03-02,2.1195882908609187
2020-03-03,2.045749151908382
2020-03-04,2.080538043732799
2020-03-05,2.013131587756885
2020-03-06,2.00152416939434
2020-03-09,1.7743524262912
2020-03-10,1.85437974754272
2020-03-11,1.6511621359204625
2020-03-12,1.414764787144081
2020-03-13,1.5758503414001934
2020-03-16,1.2658874876472221
2020-03-17,1.3143676818177852
2020-03-18,1.1540979686548585
2020-03-19,1.1708647341530292
2020-03-20,1.153104563327005
2020-03-23,1.1912102679712537
2020-03-24,1.2942273130326978
2020-03-25,1.4392263670483287
2020-03-26,1.5411226919137144
2020-03-27,1.45449682102696
2020-03-30,1.409105800420959
2020-03-31,1.3944424507194397
2020-04-01,1.3083302670080024
2020-04-02,1.2787186919497437
2020-04-03,1.269627812733236
2020-04-06,1.4360912089723157
2020-04-07,1.4572968383779128
2020-04-08,1.4908753700783484
2020-04-09,1.5300275053169992
2020-04-13,1.4971439763180983
2020-04-14,1.522229407159408
2020-04-15,1.4490769870213103
2020-04-16,1.4450365102039577
2020-04-17,1.5697575195820896
2020-04-20,1.5358760268304872
2020-04-21,1.501545450046211
2020-04-22,1.5210715977058658
2020-04-23,1.4883445185240527
2020-04-24,1.4910370233778418
2020-04-27,1.557997770746839
2020-04-28,1.6128142166681434
2020-04-29,1.7254617199392777
2020-04-30,1.7125359068933872
2020-05-01,1.626030417835933
2020-05-04,1.6271128250016194
2020-05-05,1.6183996374128233
2020-05-06,1.5916388341942624
2020-05-07,1.5981809952760135
2020-05-08,1.605461450577539
2020-05-11,1.6488035179001999
2020-05-12,1.6316279890832532
2020-05-13,1.6207527660246939
2020-05-14,1.6294727150610677
2020-05-15,1.6278820522132873
2020-05-18,1.645572030092369
2020-05-19,1.6148957334652425
2020-05-20,1.6341275177740013
2020-05-21,1.625244964986325
2020-05-22,1.62536184183492
2020-05-26,1.6106774868918936
2020-05-27,1.6354347826259072
2020-05-28,1.6455402137169508
2020-05-29,1.6883200031839982
2020-06-01,1.6523755674469522
2020-06-02,1.6293122625607839
2020-06-03,1.6373406746503116
2020-06-04,1.676945287049659
2020-06-05,1.6736810753499327
2020-06-08,1.6798538440641702
2020-06-09,1.6849088519507436
2020-06-10,1.6867869846331907
2020-06-11,1.6066830536551513
2020-06-12,1.6139641998438752
2020-06-15,1.6268995034338876
2020-06-16,1.6488564388304987
2020-06-17,1.6374122538282938
2020-06-18,1.6515332976747192
2020-06-19,1.6936550564527315
2020-06-22,1.6805601217463724
2020-06-23,1.6675362611149231
2020-06-24,1.663875588854626
2020-06-25,1.6637403367138657
2020-06-26,1.6398388949153906
2020-06-29,1.6467060012265322
2020-06-30,1.6935236667180693
2020-07-01,1.6928394103176485
2020-07-02,1.7015890737047177
2020-07-06,1.7212849020468388
2020-07-07,1.7101897134739101
2020-07-08,1.7039648821697777
2020-07-09,1.689426739487
2020-07-10,1.723237689870124
2020-07-13,1.7269621373369834
2020-07-14,1.7510623457358583
2020-07-15,1.7692173672671636
2020-07-16,1.7646043623938408
2020-07-17,1.794245360091664
2020-07-20,1.823745858084524
2020-07-21,1.8214181648548868
2020-07-22,1.8293040075906513
2020-07-23,1.821336928784706
2020-07-24,1.8066692527088988
2020-07-27,1.8192345382373765
2020-07-28,1.8117113682336474
2020-07-29,1.8111520822216165
2020-07-30,1.7985139816206408
2020-07-31,1.7957439240437914
2020-08-03,1.8226120905609264
2020-08-04,1.8290238700061627
2020-08-05,1.8325108106340748
2020-08-06,1.8329819662580007
2020-08-07,1.8243327182879727
2020-08-10,1.8364886716682103
2020-08-11,1.8167346308519599
2020-08-12,1.8508653242439972
2020-08-13,1.8421704042018412
2020-08-14,1.8411136740431282
2020-08-17,1.8496053295062602
2020-08-18,1.850215791620848
2020-08-19,1.8408980849617729
2020-08-20,1.8516273469051292
2020-08-21,1.8695466165598678
2020-08-24,1.8958200218067056
2020-08-25,1.9022538321588407
2020-08-26,1.9336964639403067
2020-08-27,1.9367508315588162
2020-08-28,1.9508265420757205
2020-08-31,1.956705912868287
2020-09-01,1.9869443341697464
2020-09-02,1.9955308151356217
2020-09-03,1.9410263683561455
2020-09-04,1.9416410966266293
2020-09-08,1.786781779276465
2020-09-09,1.8777380320348196
2020-09-10,1.858659996349366
2020-09-11,1.8650993392888724
2020-09-14,1.923645555856845
2020-09-15,1.9862075699854942
2020-09-16,1.953796618420057
2020-09-17,1.9328132052621148
2020-09-18,1.9169796686899294
2020-09-21,1.9270021989744164
2020-09-22,1.9192965030717677
2020-09-23,1.8605034608942912
2020-09-24,1.8638439843572838
2020-09-25,1.890639889811973
2020-09-28,1.9363365972560478
2020-09-29,1.9068466852132193
2020-09-30,1.9437015249280203
2020-10-01,1.9479430516368084
2020-10-02,1.9553312495122022
2020-10-05,1.982319350552165
2020-10-06,1.9757080111882184
2020-10-07,2.0034129434719494
2020-10-08,2.0086772560021444
2020-10-09,2.020110562174492
2020-10-12,2.067531588680685
2020-10-13,2.071060945888547
2020-10-14,2.0996388074310843
2020-10-15,2.0820116140826648
2020-10-16,2.072546628848487
2020-10-19,2.03377010387561
2020-10-20,2.027099123227197
2020-10-21,2.0130773871537064
2020-10-22,2.020462984503805
2020-10-23,2.0330863256270946
2020-10-26,1.9876631672382188
2020-10-27,1.9799189670515658
2020-10-28,1.9134781262882323
2020-10-29,1.945705602470825
2020-10-30,1.9265990183798136
2020-11-02,1.9422253920287689
2020-11-03,1.9645898650319478
2020-11-04,2.0308111543524787
2020-11-05,2.0725073998304677
2020-11-06,2.0832999213042314
2020-11-09,2.049686423525493
2020-11-10,2.018695418304298
2020-11-11,2.065001590996597
2020-11-12,2.0632660959375073
2020-11-13,2.07465170841623
2020-11-16,2.0725775154523776
2020-11-17,2.0675452145028226
2020-11-18,2.0311479652308275
2020-11-19,2.039374991347959
2020-11-20,2.0435236429011434
2020-11-23,2.0444209899802885
2020-11-24,2.057479328995784
2020-11-25,2.0620570270859444
2020-11-27,2.0689704463169996
2020-11-30,2.0829253725510903
2020-12-01,2.0945081140963633
2020-12-02,2.1252458391860882
2020-12-03,2.1552775002799667
2020-12-04,2.1768125535461227
2020-12-07,2.1702313211020505
2020-12-08,2.1729179396840532
2020-12-09,2.165765270472757
2020-12-10,2.174132395786955
2020-12-11,2.1729294591779906
2020-12-14,2.174931235807667
2020-12-15,2.20872276344285
2020-12-16,2.2156194047657776
2020-12-17,2.239391473513416
2020-12-18,2.2192630026206333
2020-12-21,2.2193476010259503
2020-12-22,2.2217367322403256
2020-12-23,2.214940287543798
2020-12-24,2.223447909535143
2020-12-28,2.2133524330211314
2020-12-29,2.201152681141446
2020-12-30,2.2071034763112896
2020-12-31,2.212528018056384
2021-01-04,2.19181321122993
2021-01-05,2.2007267008672464
2021-01-06,2.2035854579531597
2021-01-07,2.212075172345595
2021-01-08,2.229559891268052
2021-01-11,2.2178470735334535
2021-01-12,2.208406073038013
2021-01-13,2.209009924631185
2021-01-14,2.193301656706547
2021-01-15,2.171792866977476
2021-01-19,2.1705012814285687
2021-01-20,2.1902918709049373
2021-01-21,2.201626576539379
2021-01-22,2.1918509405872526
2021-01-25,2.2027542762129575
2021-01-26,2.212611907090503
2021-01-27,2.1736489606401745
2021-01-28,2.2197133866290093
2021-01-29,2.167907393247581
2021-02-01,2.192808932781838
2021-02-02,2.2271235812375663
2021-02-03,2.2363683263532512
2021-02-04,2.271967293323625
2021-02-05,2.2875510100307483
2021-02-08,2.3072315750998325
2021-02-09,2.3131406909947545
2021-02-10,2.2949058732878593
2021-02-11,2.3053019117729567
2021-02-12,2.3335456927627316
2021-02-16,2.327047531451878
2021-02-17,2.3219734283207956
2021-02-18,2.2948475724505877
2021-02-19,2.282471786728105
2021-02-22,2.268220381133167
2021-02-23,2.2635623315832163
2021-02-24,2.295476719397642
2021-02-25,2.2517889749461615
2021-02-26,2.2414136674898297
2021-03-01,2.288853195506275
2021-03-02,2.302833624591794
2021-03-03,2.2525293723002595
2021-03-04,2.2078160659487596
2021-03-05,2.2458538195374618
2021-03-08,2.2324764219197597
2021-03-09,2.2805560176314477
2021-03-10,2.2722492903170592
2021-03-11,2.3325390239350305
2021-03-12,2.3519502611189473
2021-03-15,2.3995762797532945
2021-03-16,2.3863175414796474
2021-03-17,2.4001254485652534
2021-03-18,2.369461523524984
2021-03-19,2.3773273623890225
2021-03-22,2.379819670564688
2021-03-23,2.3567213797388264
2021-03-24,2.337730420097296
2021-03-25,2.379096192394009
2021-03-26,2.426530867504548
2021-03-29,2.4241201288791494
2021-03-30,2.446603232149994
2021-03-31,2.4391893644805935
2021-04-01,2.4350339839032435
2021-04-05,2.4424701459351628
2021-04-06,2.449243989571421
2021-04-07,2.44029210218391
2021-04-08,2.4451331880805456
2021-04-09,2.452457130597097
2021-04-12,2.454866291327155
2021-04-13,2.4639420150870386
2021-04-14,2.4621073153333013
2021-04-15,2.4909168327242366
2021-04-16,2.5051967445314594
2021-04-19,2.489622069094512
2021-04-20,2.4461292736678937
2021-04-21,2.4817870632679475
2021-04-22,2.4912150877843784
2021-04-23,2.5196879768721256
2021-04-26,2.521295950950289
2021-04-27,2.537563822800794
2021-04-28,2.53255899646542
2021-04-29,2.4670228883631298
2021-04-30,2.4975332460424973
2021-05-03,2.490057717029507
2021-05-04,2.4674153734720576
2021-05-05,2.495891097788663
2021-05-06,2.524799836860986
2021-05-07,2.5449898842798637
2021-05-10,2.5031100697745665
2021-05-11,2.5017271214642554
2021-05-12,2.43683452889406
2021-05-13,2.4458463272180997
2021-05-14,2.492312044387138
2021-05-17,2.480145496903126
2021-05-18,2.4658400343946445
2021-05-19,2.4698771831537156
2021-05-20,2.5011877537064864
2021-05-21,2.5172099519149937
2021-05-24,2.526987953508564
2021-05-25,2.53255416766827
2021-05-26,2.552479780926566
2021-05-27,2.5812009070205923
2021-05-28,2.577102743445787
2021-06-01,2.5724873873988074
2021-06-02,2.582441803763662
2021-06-03,2.6352357851150536
2021-06-04,2.6432676632565433
2021-06-07,2.6499065497269694
2021-06-08,2.63627341391338
2021-06-09,2.632633103779903
2021-06-10,2.6331130018393862
2021-06-11,2.637390543972764
2021-06-14,2.643462348929631
2021-06-15,2.6356848295780653
2021-06-16,2.629112513093623
2021-06-17,2.6039947740184686
2021-06-18,2.566761029217668
2021-06-21,2.628491513014558
2021-06-22,2.633758215913079
2021-06-23,2.6334323438634657
2021-06-24,2.655805638155902
2021-06-25,2.6912070417153675
2021-06-28,2.6727741524447004
2021-06-29,2.664541975510355
2021-06-30,2.6789230654716354
2021-07-01,2.710350280486427
2021-07-02,2.726806265158674
2021-07-06,2.693685703119973
2021-07-07,2.719321183853404
2021-07-08,2.6775038929580903
2021-07-09,2.7561027607164617
2021-07-12,2.771346421788814
2021-07-13,2.7411891238771666
2021-07-14,2.7500180755758254
2021-07-15,2.7381847840611027
2021-07-16,2.7092552088653994
2021-07-19,2.6761987300257357
2021-07-20,2.744350803486507
2021-07-21,2.799017463172493
2021-07-22,2.7663768500356687
2021-07-23,2.760098570136564
2021-07-26,2.790283222466177
2021-07-27,2.7716302811329023
2021-07-28,2.7887765875515855
2021-07-29,2.825411175644004
2021-07-30,2.791578377655854
2021-08-02,2.790625521398306
2021-08-03,2.817310237294732
2021-08-04,2.7817785966841306
2021-08-05,2.8300387055163427
2021-08-06,2.852405993596424
2021-08-09,2.8410890959514337
2021-08-10,2.860197474561125
2021-08-11,2.875703043731322
2021-08-12,2.8798260651306267
2021-08-13,2.8647324468197977
2021-08-16,2.842538964434878
2021-08-17,2.825727103728545
2021-08-18,2.8368328195096564
2021-08-19,2.771937131152761
2021-08-20,2.779238858982291
2021-08-23,2.8289068222660054
2021-08-24,2.865146939878424
2021-08-25,2.8721723608346106
2021-08-26,2.832796137005073
2021-08-27,2.879053423706352
2021-08-30,2.8825147687536568
2021-08-31,2.8764791328482118
2021-09-01,2.866603701543918
2021-09-02,2.8797536240320394
2021-09-03,2.8631641759349393
2021-09-07,2.844304525646668
2021-09-08,2.8438630788458554
2021-09-09,2.821063388353582
2021-09-10,2.794661687805151
2021-09-13,2.8178514555164416
2021-09-14,2.7953116736207115
2021-09-15,2.8352257803832424
2021-09-16,2.8370949198411077
2021-09-17,2.830399172895894
2021-09-20,2.817908432024278
2021-09-21,2.8043831770414966
2021-09-22,2.818953861691384
2021-09-23,2.87253109686393
2021-09-24,2.87484156528124
2021-09-27,2.896888287104455
2021-09-28,2.8631164436681855
2021-09-29,2.8568826154440816
2021-09-30,2.7919544555409246
2021-10-01,2.82365516157365
2021-10-04,2.7967307748545616
2021-10-05,2.8336358240078483
2021-10-06,2.843136105420158
2021-10-07,2.8628719414651744
2021-10-08,2.8541514731782174
2021-10-11,2.828504819755281
2021-10-12,2.8228955626549146
2021-10-13,2.85514193319482
2021-10-14,2.9081333208449736
2021-10-15,2.9248348561333333
2021-10-18,2.9705257416116964
2021-10-19,3.0010128051918183
2021-10-20,3.0202029017069063
2021-10-21,3.0431313313526536
2021-10-22,3.04621963819429
2021-10-25,3.0783727288699527
2021-10-26,3.0739925858282966
2021-10-27,3.0365182169070546
2021-10-28,3.0294739337741605
2021-10-29,2.9857780878839644
2021-11-01,2.9869556791026857
2021-11-02,3.0172212834980474
2021-11-03,3.0426338677223117
2021-11-04,3.028741489474876
2021-11-05,3.0593835373778626
2021-11-08,3.088807533309033
2021-11-09,3.087109068823065
2021-11-10,3.100315863618165
2021-11-11,3.105354371712149
2021-11-12,3.119917451310783
2021-11-15,3.1162219466979724
2021-11-16,3.1401083471825246
2021-11-17,3.1110605227551313
2021-11-18,3.1038000052761143
2021-11-19,3.0767186288395627
2021-11-22,3.098216783335762
2021-11-23,3.1083704229494007
2021-11-24,3.109719791647473
2021-11-26,3.035366653108828
2021-11-29,3.0554405847397987
2021-11-30,2.9774470064322025
2021-12-01,2.873590702585704
2021-12-02,2.937898185979432
2021-12-03,2.894473707876467
2021-12-06,2.9103122583593404
2021-12-07,2.9748383339615314
2021-12-08,2.96702971362563
2021-12-09,2.9453251101567814
2021-12-10,2.9688812989082813
2021-12-13,2.967115855304832
2021-12-14,2.955380602652225
2021-12-15,3.0772834172936108
2021-12-16,3.0581915912744857
2021-12-17,3.0201508898335088
2021-12-20,3.013254895847939
2021-12-21,3.0233233370546673
2021-12-22,3.053633915356191
2021-12-23,3.0730668332473985
2021-12-27,3.1284960781662967
2021-12-28,3.1019497405940544
2021-12-29,3.0936497826305476
2021-12-30,3.091765114517073
2021-12-31,3.094984804547587
2022-01-03,3.1029177786697364
2022-01-04,3.0512926367993676
2022-01-05,3.019122400775471
2022-01-06,3.008242550591476
2022-01-07,2.9629971961751957
2022-01-10,3.0238005579571436
2022-01-11,3.032802160423066
2022-01-12,3.0494644077779522
2022-01-13,2.961617688685014
2022-01-14,2.9515390338061698
2022-01-18,2.900325541019984
2022-01-19,2.893366522644077
2022-01-20,2.858386841630849
2022-01-21,2.823943466341207
2022-01-24,2.8355644294835205
2022-01-25,2.7721205519082
2022-01-26,2.7592797427558544
2022-01-27,2.7452029082838636
2022-01-28,2.801518969038536
2022-01-31,2.9096841824847806
2022-02-01,2.9290406329043157
2022-02-02,2.971417581011479
2022-02-03,2.926958150216346
2022-02-04,2.9340000584836834
2022-02-07,2.8819676085847057
2022-02-08,2.880045979245953
2022-02-09,2.960492719298546
2022-02-10,2.906216857984174
2022-02-11,2.8320281158918936
2022-02-14,2.799388370850266
2022-02-15,2.8549204003934787
2022-02-16,2.8250812429692216
2022-02-17,2.738894060101244
2022-02-18,2.7448746160125146
2022-02-22,2.7113549399015873
2022-02-23,2.633687259555921
2022-02-24,2.654029743372237
2022-02-25,2.7344990965294746
2022-02-28,2.7282661970053477
2022-03-01,2.6357911521488053
2022-03-02,2.6935208591898636
2022-03-03,2.6698838548836727
2022-03-04,2.6463630534998996
2022-03-07,2.554397569425103
2022-03-08,2.5688275672303993
2022-03-09,2.629025094388933
2022-03-10,2.6227187403275876
2022-03-11,2.6298879321493533
2022-03-14,2.647116818532044
2022-03-15,2.700671168080543
2022-03-16,2.7916408436889975
2022-03-17,2.819285114438054
2022-03-18,2.8597055107098934
2022-03-21,2.846098706359701
2022-03-22,2.8878509420952567
2022-03-23,2.851969187473314
2022-03-24,2.875967303666047
2022-03-25,2.8669342076066675
2022-03-28,2.9037509450071193
2022-03-29,2.9301422759887275
2022-03-30,2.9301422759887275
2022-03-31,2.9301422759887275
2022-04-01,2.9056404438275267
2022-04-04,2.9304604329207917
2022-04-05,2.879194921080828
2022-04-06,2.8400415428554386
2022-04-07,2.84917301411501
2022-04-08,2.834484078552811
2022-04-11,2.7863012620231333
2022-04-12,2.74484570763641
2022-04-13,2.8035215713631363
2022-04-14,2.740688054756554
2022-04-18,2.6842199584624247
2022-04-19,2.7040277551676826
2022-04-20,2.707433464406431
2022-04-21,2.679475086747629
2022-04-22,2.6203563980565057
2022-04-25,2.610645123921886
2022-04-26,2.518006738537816
2022-04-27,2.4626962259500518
2022-04-28,2.607146929536454
2022-04-29,2.4982617609276074
2022-05-02,2.570971358444017
2022-05-03,2.5790614731863015
2022-05-04,2.653029012239456
2022-05-05,2.528136196482672
2022-05-06,2.509636668766115
2022-05-09,2.495754926365211
2022-05-10,2.481570178976272
2022-05-11,2.3910662740730624
2022-05-12,2.41179143888973
2022-05-13,2.575784899957759
2022-05-16,2.5112586678251185
2022-05-17,2.5855813046037506
2022-05-18,2.450918692814174
2022-05-19,2.515510804767453
2022-05-20,2.4958655249503034
2022-05-23,2.523869026793447
2022-05-24,2.4823552122450288
2022-05-25,2.5528230068872917
2022-05-26,2.666473295309573
2022-05-27,2.7600892965374317
2022-05-31,2.744751799951503
2022-06-01,2.721716539848054
2022-06-02,2.7874281009512614
2022-06-03,2.666158366572566
2022-06-06,2.6851967019421945
2022-06-07,2.693546074838956
2022-06-08,2.6915706110713025
2022-06-09,2.681619703537205
2022-06-10,2.700125130725313
2022-06-13,2.6440790954401514
2022-06-14,2.618116202601084
2022-06-15,2.6299741867942625
2022-06-16,2.580475326589854
2022-06-17,2.5929140940098185
2022-06-21,2.612791084295534
2022-06-22,2.512907700109007
2022-06-23,2.533145402229909
2022-06-24,2.608714146851526
2022-06-27,2.5928923875860876
2022-06-28,2.565968616284246
2022-06-29,2.565968616284246
2022-06-30,2.5501304994344367
2022-07-01,2.5103818455531317
2022-07-05,2.535273419551846
2022-07-06,2.541879618895418
2022-07-07,2.5922115549050635
2022-07-08,2.5918572837222698
2022-07-11,2.553007274875787
2022-07-12,2.546803899487385
2022-07-13,2.573417714535595
2022-07-14,2.5830763673122754
2022-07-15,2.6476535442956397
2022-07-18,2.62591349467646
2022-07-19,2.6484370056858353
2022-07-20,2.699628908988495
2022-07-21,2.7080506753234177
2022-07-22,2.6749509491997143
2022-07-25,2.666513379580683
2022-07-26,2.6199891066593883
2022-07-27,2.707172604361689
2022-07-28,2.6926308681678437
2022-07-29,2.6963405594261842
2022-08-01,2.684930053399741
2022-08-02,2.6915091216034215
2022-08-03,2.755241173216746
2022-08-04,2.7650766828088518
2022-08-05,2.7713126891253883
2022-08-08,2.7682719592906784
2022-08-09,2.733960090595079
2022-08-10,2.813143009336059
2022-08-11,2.812806977142267
2022-08-12,2.8885742870542757
2022-08-15,2.9082028253472867
2022-08-16,2.8990521685970716
2022-08-17,2.866516436776746
2022-08-18,2.892712553081009
2022-08-19,2.837449731980631
2022-08-22,2.7887059666958582
2022-08-23,2.797497742846989
2022-08-24,2.7987537382466288
2022-08-25,2.7987537382466288
2022-08-26,2.7987537382466288
2022-08-29,2.7987537382466288
2022-08-30,2.7810187398017927
2022-08-31,2.7479986388816924
2022-09-01,2.6909399856951675
2022-09-02,2.6466131176512113
2022-09-06,2.598232357041949
2022-09-07,2.6376369159377093
2022-09-08,2.6724636422747565
2022-09-09,2.7402657904771135
2022-09-12,2.7532398140804335
2022-09-13,2.613588918805042
2022-09-14,2.607182230808727
2022-09-15,2.5923684563878147
2022-09-16,2.582015259975176
2022-09-19,2.6029668202190375
2022-09-20,2.564706349166772
2022-09-21,2.514206149894924
2022-09-22,2.4822102992913266
2022-09-23,2.4351089196061837
2022-09-26,2.3724207086920024
2022-09-27,2.3612308800089474
2022-09-28,2.439573368997292
2022-09-29,2.350151610627094
2022-09-30,2.3245179179375968
2022-10-03,2.3598584413392083
2022-10-04,2.415503671592912
2022-10-05,2.4139386037855406
2022-10-06,2.3934418379431057
2022-10-07,2.3030426351106863
2022-10-10,2.294079392784315
2022-10-11,2.2834471802141385
2022-10-12,2.2827471655846994
2022-10-13,2.3262116698946436
2022-10-14,2.2319196852652614
2022-10-17,2.3239455976232772
2022-10-18,2.3342932981292557
2022-10-19,2.3274339983255796
2022-10-20,2.3223084895611468
2022-10-21,2.328498572460722
2022-10-24,2.3520187612595405
2022-10-25,2.348722420144498
2022-10-26,2.3532790856454757
2022-10-27,2.3388335447334487
2022-10-28,2.396084384870102
2022-10-31,2.3598944333035106
2022-11-01,2.3079109285799233
2022-11-02,2.238015349360138
2022-11-03,2.1777758028384055
2022-11-04,2.2305032940996172
2022-11-07,2.268383765786149
2022-11-08,2.2682515354813075
2022-11-09,2.184187274420583
2022-11-10,2.3673137099676342
2022-11-11,2.436342083634076
2022-11-14,2.4016229594602767
2022-11-15,2.4189068364430324
2022-11-16,2.382249210312875
2022-11-17,2.3867318542483766
2022-11-18,2.372962217914818
2022-11-21,2.3154068783896693
2022-11-22,2.3249607980048927
2022-11-23,2.4066013494791525
2022-11-25,2.4069431866759916
2022-11-28,2.402142861623205
2022-11-29,2.417598383547467
2022-11-30,2.4254687754414106
2022-12-01,2.3998364741231835
2022-12-02,2.3889546159773554
2022-12-05,2.3889546159773554
2022-12-06,2.378057587663057
2022-12-07,2.3777101354334187
2022-12-08,2.3759752831362446
2022-12-09,2.385058104041452
2022-12-12,2.3818195093432886
2022-12-13,2.3749874742870865
2022-12-14,2.3323687588505795
2022-12-15,2.2771890252073
2022-12-16,2.2406660228286306
2022-12-19,2.239897796364041
2022-12-20,2.20838322942918
2022-12-21,2.2414042828033507
2022-12-22,2.1714383038470193
2022-12-23,2.1529700978720223
2022-12-27,2.044263152810805
2022-12-28,2.052915186315907
2022-12-29,2.178376877047846
2022-12-30,2.194909044115882
2023-01-03,2.085559584317851
2023-01-04,2.1625070907873982
2023-01-05,2.14265637156241
2023-01-06,2.2037966706511836
2023-01-09,2.2743797898771922
2023-01-10,2.276861809295924
2023-01-11,2.2797893616699136
2023-01-12,2.2953819278067256
2023-01-13,2.2953819278067256
2023-01-17,2.2953819278067256
2023-01-18,2.2953819278067256
2023-01-19,2.2776613471322746
2023-01-20,2.2824282706694525
2023-01-23,2.2995270679836013
2023-01-24,2.304501293753451
2023-01-25,2.3003561187890154
2023-01-26,2.316314991011378
2023-01-27,2.307236518770288
2023-01-30,2.2956096220992275
2023-01-31,2.309093970583116
2023-02-01,2.3194419696996764
2023-02-02,2.338276536594053
2023-02-03,2.3231889062263877
2023-02-06,2.3316958945303945
2023-02-07,2.3626411145055397
2023-02-08,2.3359532283389344
2023-02-09,2.309437919976899
2023-02-10,2.3460905400460246
2023-02-13,2.3627763609437156
2023-02-14,2.3621837474166356
2023-02-15,2.364686410755786
2023-02-16,2.3307928203771926
2023-02-17,2.3113472520781615
2023-02-21,2.268578497261677
2023-02-22,2.2619002923120357
2023-02-23,2.255175368263161
2023-02-24,2.218295841003073
2023-02-27,2.238902915800069
2023-02-28,2.2322348255937534
2023-03-01,2.2195657836863525
2023-03-02,2.2370857473720056
2023-03-03,2.265049493425354
2023-03-06,2.2611757531303005
2023-03-07,2.2511655512285875
2023-03-08,2.2335850617829482
2023-03-09,2.145459791903713
2023-03-10,2.1113561725443826
2023-03-13,2.0330168391607257
2023-03-14,2.077422633138696
2023-03-15,2.017863120701313
2023-03-16,2.063864658778329
2023-03-17,1.9958524580711758
2023-03-20,2.0312814798285745
2023-03-21,2.082068335052817
2023-03-22,2.0269708520724397
2023-03-23,2.003024528956852
2023-03-24,2.0063859987584665
2023-03-27,2.036052312368962
2023-03-28,2.0359719785584294
2023-03-29,2.0690004076508237
2023-03-30,2.072653832897821
2023-03-31,2.0933521135634
2023-04-03,2.1042482764912185
2023-04-04,2.08375049899703
2023-04-05,2.0943202017750755
2023-04-06,2.1095941015593094
2023-04-10,2.0963894097249773
2023-04-11,2.1078257059445256
2023-04-12,2.083804562877184
2023-04-13,2.131557684491844
2023-04-14,2.1280305547504432
2023-04-17,2.1525124382205103
2023-04-18,2.1539913065994156
2023-04-19,2.137093847720102
2023-04-20,2.048231106156711
2023-04-21,2.0580356821540313
2023-04-24,2.032531907289451
2023-04-25,1.9997085032516686
2023-04-26,1.9899863360036938
2023-04-27,2.036478409294053
2023-04-28,2.0660930626595464
2023-05-01,2.039170417311815
2023-05-02,1.9949698844495307
2023-05-03,1.9792115008537254
2023-05-04,1.9593078352622006
2023-05-05,2.0076582365284055
2023-05-08,2.001064819745926
2023-05-09,2.0251238477145193
2023-05-10,1.9855482439685854
2023-05-11,1.9961601635547763
2023-05-12,1.962620841023542
2023-05-15,1.9799614111594757
2023-05-16,1.9458843201243932
2023-05-17,1.9648721833621656
2023-05-18,1.9792192226849459
2023-05-19,1.9416930245893194
2023-05-22,1.9412569361285277
2023-05-23,1.9068289954381596
2023-05-24,1.8967386462988776
2023-05-25,1.8858931828287904
2023-05-26,1.8942053903674283
2023-05-30,1.8823665391492528
2023-05-31,1.8831078859550021
2023-06-01,1.872174078576129
2023-06-02,1.8974153107143639
2023-06-05,1.8921702608059467
2023-06-06,1.8945137262915959
2023-06-07,1.8999096084299056
2023-06-08,1.9145342145469093
2023-06-09,1.9181196229762323
2023-06-12,1.9299054466192842
2023-06-13,1.9207598089593634
2023-06-14,1.945518148172808
2023-06-15,1.9933123954776504
2023-06-16,1.96418515029207
2023-06-20,1.9764434755861768
2023-06-21,1.9708179017848428
2023-06-22,1.986093393916581
2023-06-23,1.9818283548202746
2023-06-26,1.9854127568012254
2023-06-27,1.9928749788660063
2023-06-28,1.9922261920955178
2023-06-29,1.997410462625376
2023-06-30,2.019664631748808
2023-07-03,2.018611395376529
2023-07-05,2.0121308826743833
2023-07-06,1.998365029841545
2023-07-07,1.9963766029626961
2023-07-10,2.0082169505304135
2023-07-11,2.0111494324240677
2023-07-12,2.029173231381014
2023-07-13,2.028154112488516
2023-07-14,2.0676007379469046
2023-07-17,2.07039962488039
2023-07-18,2.0971753386016476
2023-07-19,2.096880949806456
2023-07-20,2.0975165997933223
2023-07-21,2.0894104172306722
2023-07-24,2.085671692570822
2023-07-25,2.0847394944104414
2023-07-26,2.0682114953584514
2023-07-27,2.0703535478875392
2023-07-28,2.0882572843035123
2023-07-31,2.0834208501721307
2023-08-01,2.079926405236094
2023-08-02,2.0754656632714004
2023-08-03,2.0579118198174378
2023-08-04,2.052728448621057
2023-08-07,2.0718846483830484
2023-08-08,2.2540735258211706
2023-08-09,2.260616207329247
2023-08-10,2.243830112455149
2023-08-11,2.217610400615232
2023-08-14,2.2718699082725022
2023-08-15,2.242551335133681
2023-08-16,2.2164977985342795
2023-08-17,2.208594139046887
2023-08-18,2.2050504014374925
2023-08-21,2.281571391001354
2023-08-22,2.25695203177635
2023-08-23,2.3108893770897017
2023-08-24,2.2587035699052147
2023-08-25,2.259243870917683
2023-08-28,2.2808708603902392
2023-08-29,2.3448657138621747
2023-08-30,2.3505047455841166
2023-08-31,2.4003216967524383
2023-09-01,2.3225010120169176
2023-09-05,2.322862268111221
2023-09-06,2.3354873371018994
2023-09-07,2.3049326504081966
2023-09-08,2.3106106643255067
2023-09-11,2.330642629314305
2023-09-12,2.3410133057330578
2023-09-13,2.357472786944183
2023-09-14,2.373953139358276
2023-09-15,2.336110226793975
2023-09-18,2.3443496501453724
2023-09-19,2.322699286106765
2023-09-20,2.284727727382031
2023-09-21,2.2406174060682256
2023-09-22,2.241571292891597
2023-09-25,2.2515634936809006
2023-09-26,2.2281109581277727
2023-09-27,2.246015784949468
2023-09-28,2.240197978976942
2023-09-29,2.2441554144393447
2023-10-02,2.2142619542948943
2023-10-03,2.184195142594504
2023-10-04,2.1742157480079967
2023-10-05,2.1794127639936556
2023-10-06,2.2226219901215627
2023-10-09,2.2392790600723154
2023-10-10,2.265775117005935
2023-10-11,2.28416908448571
2023-10-12,2.2840650724451588
2023-10-13,2.325917494730747
2023-10-16,2.3409078675611363
2023-10-17,2.3473047939072718
2023-10-18,2.3423872554186573
2023-10-19,2.332634227307494
2023-10-20,2.289221448494592
2023-10-23,2.2864478971748006
2023-10-24,2.3048366168260483
2023-10-25,2.25288068964941
2023-10-26,2.198789987580873
2023-10-27,2.1948200635739123
2023-10-30,2.225385860872109
2023-10-31,2.2401916741123404
2023-11-01,2.25082344338491
2023-11-02,2.3047189223004967
2023-11-03,2.3199632008080404
2023-11-06,2.3184455563658806
2023-11-07,2.323965165098222
2023-11-08,2.3296448907808673
2023-11-09,2.290854433462443
2023-11-10,2.329652780097687
2023-11-13,2.3235070320932154
2023-11-14,2.3581028980402308
2023-11-15,2.3560411964437002
2023-11-16,2.3542402672120346
2023-11-17,2.358375210644614
2023-11-20,2.3779148020914493
2023-11-21,2.362173540408667
2023-11-22,2.378143335649189
2023-11-24,2.377169169156682
2023-11-27,2.3680544789201665
2023-11-28,2.369761893351848
2023-11-29,2.3639313153476937
2023-11-30,2.339665376347817
2023-12-01,2.344819066656349
2023-12-04,2.3142294445550053
2023-12-05,2.3246813294803186
2023-12-06,2.287565646519864
2023-12-07,2.3365778983258583
2023-12-08,2.373878491910794
2023-12-11,2.445763082791561
2023-12-12,2.501727479378869
2023-12-13,2.545701388248326
2023-12-14,2.5528561613107565
2023-12-15,2.5852997505610613
2023-12-18,2.6349964528661944
2023-12-19,2.639547023741819
2023-12-20,2.5813398390826263
2023-12-21,2.619613270518014
2023-12-22,2.609372757861509
2023-12-26,2.6392756668824746
2023-12-27,2.64105303862994
2023-12-28,2.6398956368226445
2023-12-29,2.6321537409006606
2024-01-02,2.5926082460656064
2024-01-03,2.5875465452311395
2024-01-04,2.5912430881632984
2024-01-05,2.6017023681586617
2024-01-08,2.6398024856656517
2024-01-09,2.656803817765904
2024-01-10,2.6980475858887942
2024-01-11,2.70552179604817
2024-01-12,2.6965395791960853
2024-01-16,2.659963520917071
2024-01-17,2.638704333539624
2024-01-18,2.671283548869922
2024-01-19,2.7137655866656156
2024-01-22,2.708350303712829
2024-01-23,2.7114755848832988
2024-01-24,2.7330201587846035
2024-01-25,2.730659424008291
2024-01-26,2.7382302451978324
2024-01-29,2.768184917463803
2024-01-30,2.751686010881033
2024-01-31,2.711643191607338
2024-02-01,2.7524020060367893
2024-02-02,2.8577868924164203
2024-02-05,2.803842171566061
2024-02-06,2.771164868952237
2024-02-07,2.7760635623053442
2024-02-08,2.773185521458566
2024-02-09,2.8152428377999548
2024-02-12,2.8633747417429287
2024-02-13,2.8272338967925954
2024-02-14,2.821950344946235
2024-02-15,2.8701467488583505
2024-02-16,2.8377231131293614
2024-02-20,2.839772504902746
2024-02-21,2.8558604798121117
2024-02-22,2.9546522240824213
2024-02-23,2.9398910304273524
2024-02-26,2.917769718435927
2024-02-27,2.9380506129503274
2024-02-28,2.932146492381108
2024-02-29,3.034282283560138
2024-03-01,3.0984478014087116
2024-03-04,3.1213177241265266
2024-03-05,3.120762755833096
2024-03-06,3.165140124930763
2024-03-07,3.1997647664124234
2024-03-08,3.170387739026808
2024-03-11,3.2113599553915506
2024-03-12,3.2187563297241493
2024-03-13,3.11505496036026
2024-03-14,3.0678574854800673
2024-03-15,3.030814232601251
2024-03-18,3.112481791353455
2024-03-19,3.0954169973074506
2024-03-20,3.1709818756145522
2024-03-21,3.2309355743258927
2024-03-22,3.188820943876058
2024-03-25,3.1717694936086174
2024-03-26,3.1600858268301737
2024-03-27,3.1689950709616785
2024-03-28,3.1972389153823575
2024-04-01,3.1946079646790313
2024-04-02,3.1685632921552473
2024-04-03,3.1837521617001667
2024-04-04,3.122695421410098
2024-04-05,3.162240047236088
2024-04-08,3.150790815837902
2024-04-09,3.155628915180638
2024-04-10,3.129407305569836
2024-04-11,3.1339956240545606
2024-04-12,3.1158072039067433
2024-04-15,3.122005420714869
2024-04-16,3.1676700155453132
2024-04-17,3.189886480810726
2024-04-18,3.1966883049797095
2024-04-19,3.201733438943118
2024-04-22,3.240005442936789
2024-04-23,3.2848695055454034
2024-04-24,3.2876202411358473
2024-04-25,3.24516245378365
2024-04-26,3.2649645027015897
2024-04-29,3.248906195062279
2024-04-30,3.2049989688776956
2024-05-01,3.2229566272286108
2024-05-02,3.250265096991766
2024-05-03,3.2798406307257526
2024-05-06,3.328462025082279
2024-05-07,3.349512589990055
2024-05-08,3.3438080418192375
2024-05-09,3.3975543979659375
2024-05-10,3.4016718499903376
2024-05-13,3.3982727272897626
2024-05-14,3.4436846426638015
2024-05-15,3.4954296532823568
2024-05-16,3.4665326330934745
2024-05-17,3.459944255610046
2024-05-20,3.4583179344067005
2024-05-21,3.4803783348486252
2024-05-22,3.4782069980045955
2024-05-23,3.525111384757773
2024-05-24,3.555991435145049
2024-05-28,3.562394331567341
2024-05-29,3.489976517819631
2024-05-30,3.5155153978142497
2024-05-31,3.5664733894464677
2024-06-03,3.517688382952041
2024-06-04,3.5104442261827886
2024-06-05,3.5384481762004683
2024-06-06,3.508505773893395
2024-06-07,3.529733352628162
2024-06-10,3.5544223678483644
2024-06-11,3.5161669682782946
2024-06-12,3.5328665728311552
2024-06-13,3.5266427840881773
2024-06-14,3.5110479999770776
2024-06-17,3.5329412551436765
2024-06-18,3.526953824415328
2024-06-20,3.5196735260344663
2024-06-21,3.548042476252577
2024-06-24,3.5701118015684754
2024-06-25,3.5523957680124383
2024-06-26,3.556047342690101
2024-06-27,3.5268766651754206
2024-06-28,3.5413388312972804
2024-07-01,3.5360198781687937
2024-07-02,3.5364451137487647
2024-07-03,3.550843436149991
2024-07-05,3.5229879884793553
2024-07-08,3.5284133245147244
2024-07-09,3.540760724625648
2024-07-10,3.565608045599657
2024-07-11,3.5972871197050993
2024-07-12,3.6243282442546234
2024-07-15,3.663513982230572
2024-07-16,3.7242324582055195
2024-07-17,3.6594111666853313
2024-07-18,3.6254489497643982
2024-07-19,3.570326708079077
2024-07-22,3.6746988568858234
2024-07-23,3.646251298147246
2024-07-24,3.5226824447053477
2024-07-25,3.4864500140650168
2024-07-26,3.517375256288085
2024-07-29,3.4997536003763816
2024-07-30,3.4638217645742646
2024-07-31,3.5397948437036617
2024-08-01,3.452163515576264
2024-08-02,3.3745881126376798
2024-08-05,3.324500448117577
2024-08-06,3.3489935633597354
2024-08-07,3.3247309944577728
2024-08-08,3.403551923262972
2024-08-09,3.4049372141187297
2024-08-12,3.3878381989036366
2024-08-13,3.4252407124798543
2024-08-14,3.4618782463534625
2024-08-15,3.508386701753316
2024-08-16,3.5115136552599586
2024-08-19,3.5179288348708573
2024-08-20,3.5155732581807455
2024-08-21,3.5183318338957275
2024-08-22,3.5324154249939967
2024-08-23,3.57407510604001
2024-08-26,3.6193316171860372
2024-08-27,3.6123480882009518
2024-08-28,3.583529287983824
2024-08-29,3.6131810019157964
2024-08-30,3.643404661865083
2024-09-03,3.5494399801169245
2024-09-04,3.5279095441877732
2024-09-05,3.5036807402152066
2024-09-06,3.4188248957971465
2024-09-09,3.4906280002461965
2024-09-10,3.4475858168826488
2024-09-11,3.4702224345767396
2024-09-12,3.527493184416068
2024-09-13,3.5435587590396276
2024-09-16,3.559387832047726
2024-09-17,3.572315543782551
2024-09-18,3.570346258493974
2024-09-19,3.6478975981466495
2024-09-20,3.6432972701391457
2024-09-23,3.6755520227033722
2024-09-24,3.7321086942284776
2024-09-25,3.706434666903493
2024-09-26,3.7444361892143383
2024-09-27,3.7374481275839218
2024-09-30,3.786941877307534
2024-10-01,3.720901900732165
2024-10-02,3.715339318033329
2024-10-03,3.6866085089236176
2024-10-04,3.7181245402394687
2024-10-07,3.6802907523091184
2024-10-08,3.708138692440941
2024-10-09,3.7600274405938787
2024-10-10,3.7570073197655773
2024-10-11,3.760668152803757
2024-10-14,3.7742176746731557
2024-10-15,3.7586088671502837
2024-10-16,3.762388902462596
2024-10-17,3.751289995992201
2024-10-18,3.8306368555771
2024-10-21,3.8232746984037815
2024-10-22,3.8213281474307546
2024-10-23,3.7797342448693905
2024-10-24,3.80923882703176
2024-10-25,3.7956772550434987
2024-10-28,3.809844898579658
2024-10-29,3.804735884076019
2024-10-30,3.8001539875701993
2024-10-31,3.754566030943905
2024-11-01,3.7378806928729524
2024-11-04,3.7364645621282575
2024-11-05,3.7857312294227627
2024-11-06,3.867077371876368
2024-11-07,3.8624739108939514
2024-11-08,3.9165448876663507
2024-11-11,3.9331356098278962
2024-11-12,3.8974431780929666
2024-11-13,3.90135141627829
2024-11-14,3.919412646000242
2024-11-15,3.9032699999397154
2024-11-18,3.9171927335791183
2024-11-19,3.8978136833008006
2024-11-20,3.912565955677961
2024-11-21,3.9523176808202316
2024-11-22,3.9724137702046707
2024-11-25,4.0090196661581095
2024-11-26,3.996529360606071
2024-11-27,4.007227706091074
2024-11-29,4.029014376509366
2024-12-02,4.001476194738664
2024-12-03,3.9926191300698646
2024-12-04,4.017758346356588
2024-12-05,4.015405219448545
2024-12-06,4.013845675512839
2024-12-09,3.9798811511408054
2024-12-10,3.965186625784924
2024-12-11,3.989956206301603
2024-12-12,3.9609840602284625
2024-12-13,3.94956490159481
2024-12-16,3.9318766349446004
2024-12-17,3.900195225359523
2024-12-18,3.808323200111409
2024-12-19,3.795106406576508
2024-12-20,3.8606618493066582
2024-12-23,3.879267102036065
2024-12-24,3.912983618611357
2024-12-26,3.9140570713709657
2024-12-27,3.8947201870532444
2024-12-30,3.8713655444565873
2024-12-31,3.826423336521537
2025-01-02,3.759139635265615
2025-01-03,3.8500346552053055
2025-01-06,3.838715308268711
2025-01-07,3.7707705403230882
2025-01-08,3.784236507159763
2025-01-10,3.735074270023417
2025-01-13,3.762010965024176
2025-01-14,3.7800853483272716
2025-01-15,3.890314369122664
2025-01-16,3.8735348935600173
2025-01-17,3.865246586521928
2025-01-21,3.9753948284711758
2025-01-22,3.949747040703954
2025-01-23,3.988586282911368
2025-01-24,3.985214743317705
2025-01-27,4.0209572442867465
2025-01-28,3.8628181533625745
2025-01-29,3.8600847302556804
2025-01-30,3.8916806155943586
2025-01-31,3.878555888379347
2025-02-03,3.782427164978458
2025-02-04,3.8212661336460956
2025-02-05,3.7849002208996985
2025-02-06,3.777641083920544
2025-02-07,3.711747803969726
2025-02-10,3.663599738391503
2025-02-11,3.6518204499951255
2025-02-12,3.6726576963704547
2025-02-13,3.7291959720480987
2025-02-14,3.717484481145661
2025-02-18,3.7205344389238397
2025-02-19,3.7491105049980336
2025-02-20,3.7342750927304955
2025-02-21,3.651283269343502
2025-02-24,3.659965452672061
2025-02-25,3.5728780244159806
2025-02-26,3.5241579370656657
2025-02-27,3.492308389999667
2025-02-28,3.554571644961207
2025-03-03,3.50765342206108
2025-03-04,3.4370348388186835
2025-03-05,3.466880803855816
2025-03-06,3.400789578343273
2025-03-07,3.441984585140845
2025-03-10,3.3038772200531357
2025-03-11,3.2820650534802867
2025-03-12,3.339206511560839
2025-03-13,3.2462978140326735
2025-03-14,3.3373926791459043
2025-03-17,3.3268739739022637
2025-03-18,3.282682900240339
2025-03-19,3.3225238759202624
2025-03-20,3.3112338432869666
2025-03-21,3.357477632426353
2025-03-24,3.445984744139401
2025-03-25,3.499611554780396
2025-03-26,3.4531164373244003
2025-03-27,3.467584042373948
2025-03-28,3.435115055852311
2025-03-31,3.4477951922276002
2025-04-01,3.4724170948611306
2025-04-02,3.5060341779496267
2025-04-03,3.2816326110816982
2025-04-04,3.1434544154908917
2025-04-07,3.208629079113716
2025-04-08,3.1810094443996073
2025-04-09,3.647500025814659
2025-04-10,3.4386059400122324
2025-04-11,3.5555735504357906
2025-04-14,3.585382428158284
2025-04-15,3.5680543275294405
2025-04-16,3.505091184667231
2025-04-17,3.5264176942669443
2025-04-21,3.406426629652308
2025-04-22,3.4462341915426515
2025-04-23,3.535420446976462
2025-04-24,3.6174469014722743
2025-04-25,3.6644874655698216
2025-04-28,3.664438457201904
2025-04-29,3.634906974808282
2025-04-30,3.625681660857251
2025-05-01,3.595229576809497
2025-05-02,3.6103806366854068
2025-05-05,3.619433179308898
2025-05-06,3.527260678957069
2025-05-07,3.530049189795363
2025-05-08,3.4860075470547263
2025-05-09,3.456588300298783
2025-05-12,3.49318806351946
2025-05-13,3.4469695667324
2025-05-14,3.381237149257789
2025-05-15,3.474386404718867
2025-05-16,3.5389351810536467
2025-05-19,3.561058232744166
2025-05-20,3.567999016727427
2025-05-21,3.558952714304883
2025-05-22,3.554426291822839
2025-05-23,3.569593972233099
2025-05-27,3.6051270486070033
2025-05-28,3.575569739122268
2025-05-29,3.594702995639376
2025-05-30,3.6298897678724065
2025-06-02,3.6385885699610467
2025-06-03,3.638900014222077
2025-06-04,3.602364141078402
2025-06-05,3.6203892034677363
2025-06-06,3.639821761926276
2025-06-09,3.6335814224224783
2025-06-10,3.6390520809869296
2025-06-11,3.65349536569985
2025-06-12,3.6478020920251035
2025-06-13,3.6370388426418945
2025-06-16,3.6570804760634523
2025-06-17,3.6373851216230078
2025-06-18,3.647193401833847
2025-06-20,3.681311027881518
2025-06-23,3.77285292287781
2025-06-24,3.7844668279951894
2025-06-25,3.7914896535813374
2025-06-26,3.810499194520398
2025-06-27,3.859978986288263
2025-06-30,3.90061137359244
2025-07-01,3.8067297705029937
2025-07-02,3.7696081261972108
2025-07-03,3.8013082719853903
2025-07-07,3.817250387670221
2025-07-08,3.791268559474348
2025-07-09,3.8315983857232503
2025-07-10,3.850048315945117
2025-07-11,3.879674194062107
2025-07-14,3.967407540040907
2025-07-15,3.975672684729141
2025-07-16,3.9769536305159137
2025-07-17,3.9698613283207944
2025-07-18,3.9181911421933813
2025-07-21,3.9137507283265767
2025-07-22,3.87441936362308
2025-07-23,3.963045119187062
2025-07-24,3.8280283391694727
2025-07-25,3.879986088561836
2025-07-28,3.8356262874508054
2025-07-29,3.8445188355399216
2025-07-30,3.917815855051613
2025-07-31,3.903255525137499
2025-08-01,3.8952722969033964
2025-08-04,3.8685307051755715
2025-08-05,3.94678975035258
2025-08-06,3.9630193728990815
2025-08-07,3.9568301602295697
2025-08-08,4.020434035622074
2025-08-11,3.9823690992285954
2025-08-12,4.009995599572127
2025-08-13,4.030150798796412
2025-08-14,4.027892131410895
2025-08-15,4.066205740224546
2025-08-18,4.079311188633652
2025-08-19,3.939371983025188
2025-08-20,3.957108760921943
2025-08-21,3.9350059553234567
2025-08-22,3.963785396832462
2025-08-25,3.9331594162755583
2025-08-26,3.9338202498069954
2025-08-27,3.9510988391867237
2025-08-28,4.003290586617155
2025-08-29,3.8560389926641587
2025-09-02,3.83998005961728
2025-09-03,3.811341446556347
2025-09-04,3.8051504349620324
2025-09-05,3.9097074172953077
2025-09-08,3.9719974703502126
2025-09-09,4.007326756827053
2025-09-10,4.868627834471797
2025-09-11,4.685294141874605
2025-09-12,4.51292919272335
2025-09-15,4.509720335000787
2025-09-16,4.501620621982781
2025-09-17,4.546754719415268
2025-09-18,4.513268180623775
2025-09-19,4.566338712731081
2025-09-22,4.574698027517603
2025-09-23,4.580259027632847
2025-09-24,4.540407674539401
2025-09-25,4.508733687807536
2025-09-26,4.551994086281708
2025-09-29,4.510126555802412
2025-09-30,4.481723995730554
2025-10-01,4.437817639424332
2025-10-02,4.4574151691996615
2025-10-03,4.418118449300492
2025-10-06,4.461461030294006
2025-10-07,4.492940040160965
2025-10-08,4.559425950253804
2025-10-09,4.5468590492514736
2025-10-10,4.447710591195713
2025-10-13,4.529181454289066
2025-10-14,4.536742074721745
2025-10-15,4.569031740452601
2025-10-16,4.516377632467139
2025-10-17,4.578574061085692
2025-10-20,4.641559316402195
2025-10-21,4.657791004395641
2025-10-22,4.649742139231246
2025-10-23,4.675084274409619
2025-10-24,4.862768007705273
2025-10-27,4.905375923647084
2025-10-28,4.955090328641209
2025-10-29,4.930968396026106
2025-10-30,4.898294118207003
2025-10-31,4.933422075915339
2025-11-03,4.919800575415357
2025-11-04,4.882328695741748
2025-11-05,5.008890022971187
2025-11-06,5.0249437952534
2025-11-07,4.955166263182714
2025-11-10,4.982331445854297
2025-11-11,5.100501376323401
2025-11-12,5.113053088114168
2025-11-13,5.0436487993137495
2025-11-14,5.036958870416908
2025-11-17,5.0298523107899324
2025-11-18,5.063215858086854
2025-11-19,5.089335350048621
2025-11-20,4.959327775195836
2025-11-21,5.0536024354957645
2025-11-24,5.05468284624152
2025-11-25,5.139360233041441
2025-11-26,5.160422730427811
2025-11-28,5.195989799493178
2025-12-01,5.168963736777574
2025-12-02,5.161445866431949
2025-12-03,5.280528162641637
2025-12-04,5.295452029041418
2025-12-05,5.27093790252246
2025-12-08,5.204435100668643
2025-12-09,5.1884566300604025
2025-12-10,5.245383226056328
2025-12-11,5.277213949166479
2025-12-12,5.213176528803582
2025-12-15,5.220309567698703
2025-12-16,5.212977016327853
2025-12-17,5.110374829591743
2025-12-18,5.1150048268750385
2025-12-19,5.288047192994491
2025-12-22,5.367096088219384
2025-12-23,5.344613912056394
2025-12-24,5.381554049910105
2025-12-26,5.389013772468367
2025-12-29,5.372211828066718
2025-12-30,5.360303860399836
2025-12-31,5.344279036099343
2026-01-02,5.34634861138211
2026-01-05,5.3321929922134395
2026-01-06,5.340394886742236
